80f30cb9d1e149be633f06ff5d9f4786da1a4f72c4718f5130e031b184b592d5@160.36.57.98:16239, 808e532b9e2f7df2feba74d016d05d968debbbbd7751eab48221202c63c95aac@160.36.57.98:10843, 8037e4777521c75b051b4165a874cd095a4f79f2e6c29a942c03cc65bfff31b4@160.36.57.98:10814, 8037443a61625bb5e40f0b01c6adb50e712ad8be920cc88a526ee9512a7e86a3@160.36.57.98:10348, 80f238b5aac97390633f428454f15c37ab0ae1add9f218fb8e0822ee76d85b6e@160.36.57.98:10152, 801d47c5fa7fd3e0079ff154d82ee1afa0b5c67a2839703ad8f8e9560e40fa58@160.36.57.98:10768, 80d9622be7c6a20cc5d4a17f06dbf9fdac1fa0c0f2b9878926cf7dd9116e00d6@160.36.57.98:10837, 804899aabc95b683a63f3b8c98e4a23a197865b983080613c96110737488c9e9@160.36.57.98:10682, 80fd0f8c73b08b39c1d875b3d0475b4dbbd5eeb75fe5f8502bda69196cf1838b@160.36.57.98:10379
8051025e63d0729ff86862075b6ec9fb1f5ee1ef358f7eeec21ad6e443ca64f0@160.36.57.98:16200, 808e532b9e2f7df2feba74d016d05d968debbbbd7751eab48221202c63c95aac@160.36.57.98:10843, 801ca812b72779a03e05d21779d705d028320bcd7d79bb794175940630da5251@160.36.57.98:10579, 809ef52ec5ee1f3845826e6638ab640e20174424cdbd5ef6be4ba30c9185e87d@160.36.57.98:10561, 808a5151e859412aeabadf45d0690653b0368082ba62b5674cebac7ba00dc86d@160.36.57.98:10450, 80037ea14777427db7e9292b9f8794b9ff9c8636a4412d24298b4912674f8a69@160.36.57.98:10689, 80e33368675394d12cc7e003a634334ad51a0869dc4e222948c216c6ac68dd25@160.36.57.98:10568, 80143571498bc43d47f8996ab06b39837d7bb858902769c07cb687e7103c794e@160.36.57.98:10766, 8044c55eb74bdcbc197dc53c529ba0854d275b8bb0fe7ab765877de395b03ba0@160.36.57.98:10887
808d7deca02d451a91537670e520bde9272b7f21a2e89a7187f8af84ee2fb9a5@160.36.57.98:16140, 808e532b9e2f7df2feba74d016d05d968debbbbd7751eab48221202c63c95aac@160.36.57.98:10843, 80528ac00704e98308cde5e67ceef7131d698f3d1a02d622105092da7c78a8ce@160.36.57.98:10467, 80c941c103a5d9188212ba36bf0f4ae2684b09acf53f1be4a10fc31e2b6378f4@160.36.57.98:10807, 804d7aa0f805fda8d743416c1bab3d218f97310698e22165947e16c81e1b67da@160.36.57.98:10840, 8089fb775104d365e369c75a6771dd64b702ed7bdf0117bb81c2f45a898c273f@160.36.57.98:10670, 80025647cf3b19ab05b41522ce7c79f3d11cc5a2e836ae1bf472803de3a8960b@160.36.57.98:10727, 8036e90c7164757c49a0b56e89bcff4d48d9cc7080c4f46fa9a0fba74b6f22e3@160.36.57.98:10624, 80db0a804f3792e8154497887e790ce7b8da2e85a40f1500e1d7f890297ee539@160.36.57.98:10322
80ec53ed6dd954e6e981d5e172530fb6ede97f1388c9c68e634439c3381a7f56@160.36.57.98:16136, 803008a2c5f26791eac46c3fcc2c73fdacbcdec837598e104a95d1670cb808fc@160.36.57.98:10142, 80037ea14777427db7e9292b9f8794b9ff9c8636a4412d24298b4912674f8a69@160.36.57.98:10689, 80d330c4011a1141a32aac68f5f1a7431b403e8fc4ab2e884bd5f33a9daa996d@160.36.57.98:10208, 80553d094b73077c80223f3800d0cbc724705d38f6db5d974c79cc59b052fb55@160.36.57.98:10047, 80592d76b21c2287f1a50fdad44f92459c5e5c58da4c0eaa2553705c90015eb9@160.36.57.98:10718, 80f15e26f0d9a15067dced80b1f51743b92800687deecc433f35993039131489@160.36.57.98:10081, 80386db40fc3189c70a2a19cda7487f18112ae8b0ad9a225356865e46f93c4ee@160.36.57.98:10919, 80da9239d79c1d686638a38581ad81157cdfca912097f1aba22232e2421fceaa@160.36.57.98:10635
80401e816e23886fda7a4a33f75ab97335413e84b260e6080802aa53fb9dd04f@160.36.57.98:16149, 803008a2c5f26791eac46c3fcc2c73fdacbcdec837598e104a95d1670cb808fc@160.36.57.98:10142, 80d524249b5cbd31bf9d79407b6d4c5087a0d8cdcffdc0e7b353d4ab357ea3e2@160.36.57.98:10215, 805689d94b57adb088a0f2c1f33a8bf149e5c5b294b6b3827a8b69f1c1ba4f6e@160.36.57.98:10365, 80b6357a6bff77e15a2d9612f18755c39dd0a7a4bbc872709108bed75ba7c1ea@160.36.57.98:10607, 80b50c629a04bfd93c4525f38ec1c9ee1c9ec740afd24f3fee28d90ef5601096@160.36.57.98:10787, 806da7b09fa111b6bbb6517139f2bd81de7535029b748b082a4f5ab591a64135@160.36.57.98:10202, 80ff331968c2995c75118ac13c5b865653f91c7fae9961de91920a9e0c6ef2ab@160.36.57.98:10687, 8044c55eb74bdcbc197dc53c529ba0854d275b8bb0fe7ab765877de395b03ba0@160.36.57.98:10887
806039e9042ddac694c339c58935e7050ab5218f04438152300326a40b850383@160.36.57.98:16195, 803008a2c5f26791eac46c3fcc2c73fdacbcdec837598e104a95d1670cb808fc@160.36.57.98:10142, 803f8658a0bbb19e7d68941423a9a8348ccd297d8c20a58242bef048e735d8f5@160.36.57.98:10642, 809707849e47697ce091468fb4b55fa998d8e25dc2dc51c0b116523b2d678d50@160.36.57.98:10143, 804d7aa0f805fda8d743416c1bab3d218f97310698e22165947e16c81e1b67da@160.36.57.98:10840, 804899aabc95b683a63f3b8c98e4a23a197865b983080613c96110737488c9e9@160.36.57.98:10682, 802ce4b89f434882165f14fbeac95264974f007651c4e0a8ab7d6f1f40854549@160.36.57.98:10060, 80a23ac5e41c1b8b68df512316224ce54a6e83bfd9d2d98172c78611ac8b2225@160.36.57.98:10756, 809f3c667293d68405b6a54fc488d71f410ae03f523c96f67158ecd249f6821d@160.36.57.98:10382
80cabd72526fef6ff92de961dc559cd795aca9e33b45db691eabb13ea787c74e@160.36.57.98:16216, 803008a2c5f26791eac46c3fcc2c73fdacbcdec837598e104a95d1670cb808fc@160.36.57.98:10142, 80cae7d1ac36392dbc9dc43457420df534cbfcdfec3dbaa224f85d701296158b@160.36.57.98:10917, 80f0409ad71b0698c1623ea2f5c106db42a2eeb9234a62fa932a1f77134b401a@160.36.57.98:10532, 80d330c4011a1141a32aac68f5f1a7431b403e8fc4ab2e884bd5f33a9daa996d@160.36.57.98:10208, 80d549c881844e151cddfb0733e2fe94f7870b0a9134558c8f4a736b7c5e183c@160.36.57.98:10839, 80ff331968c2995c75118ac13c5b865653f91c7fae9961de91920a9e0c6ef2ab@160.36.57.98:10687, 80647b0c07ced9a7d084889580546d198e6920e54d154c16deaeaa94a1bbfb2e@160.36.57.98:10530, 8063109f7a2dda16f456e12f0ddba9016e29ef13466e23977bbefd4c4a41e7c7@160.36.57.98:10920
8025368425593dc627272b939e4dc1a1a06e43f71a3b4becc9f5a9822b005f08@160.36.57.98:16202, 803008a2c5f26791eac46c3fcc2c73fdacbcdec837598e104a95d1670cb808fc@160.36.57.98:10142, 80d524249b5cbd31bf9d79407b6d4c5087a0d8cdcffdc0e7b353d4ab357ea3e2@160.36.57.98:10215, 80df9af3f9f656f03186d4643d2e9cca8e234a0fd4eccb053e0b14dc1397c874@160.36.57.98:10248, 8041499927f3cec1d896e7a0ef5037e1319967a7e55370569cbadce378e698fa@160.36.57.98:10144, 8083716bec29968df0cbaf3f91d05c41df511216d795e60b1a7345b00cc883e7@160.36.57.98:10791, 80fd0f8c73b08b39c1d875b3d0475b4dbbd5eeb75fe5f8502bda69196cf1838b@160.36.57.98:10379, 809f3c667293d68405b6a54fc488d71f410ae03f523c96f67158ecd249f6821d@160.36.57.98:10382, 8050837bb4c1510db9d787c57bfe94d500b8539a4b17a2b93e173659f3442da9@160.36.57.98:10845
8046725c3b3e9b5e2b49941a8cf609a1f1ae99ecf88b5620486cc5da889da9b8@160.36.57.98:16165, 803008a2c5f26791eac46c3fcc2c73fdacbcdec837598e104a95d1670cb808fc@160.36.57.98:10142, 8017eb919b3cb86e8dac4698ea66be1c33eab5249a4740b4701be6ca7d3904bd@160.36.57.98:10602, 8037443a61625bb5e40f0b01c6adb50e712ad8be920cc88a526ee9512a7e86a3@160.36.57.98:10348, 802d7e3f1551a7800388418e858a32dbe33f9d0ec4b96a56d2f071bd1ebdcd09@160.36.57.98:10934, 80b50c629a04bfd93c4525f38ec1c9ee1c9ec740afd24f3fee28d90ef5601096@160.36.57.98:10787, 802d2a3d3a418f5f388111e125cfa76f1b848d9018a14a2a6fe72f2bfa58e6d2@160.36.57.98:10987, 807499ba4b44d3a83c2129b640c5bd974074dda759b5ea862147eb109e8ccddf@160.36.57.98:10746, 80a7fdf592887fe2af91316ae81e811c85ac576a11c256659bbc5f152cb280c5@160.36.57.98:10493
80f7df560439e99deb71c66f5ad6a2d6d8cd6d89946e4df739ac9b1a3608805a@160.36.57.98:16230, 803008a2c5f26791eac46c3fcc2c73fdacbcdec837598e104a95d1670cb808fc@160.36.57.98:10142, 80e8d61844d6229d8dc57c5fe944f4374c8df6546be93798f301a1a33195e0d0@160.36.57.98:10319, 80380754636482fe205e27da75ca2112de2471ceb1d8c0a5c8ae59c08c5d6bb4@160.36.57.98:10387, 80df9af3f9f656f03186d4643d2e9cca8e234a0fd4eccb053e0b14dc1397c874@160.36.57.98:10248, 8086eaa5af701a2476d2cb28f298752e162d803f757e632b46e3b2aae356952e@160.36.57.98:10609, 80d549c881844e151cddfb0733e2fe94f7870b0a9134558c8f4a736b7c5e183c@160.36.57.98:10839, 8067cea40d246ae8742a92b343267c58c4417d5499ae85e6e8fe65a1e9141fde@160.36.57.98:10257, 809f3c667293d68405b6a54fc488d71f410ae03f523c96f67158ecd249f6821d@160.36.57.98:10382
80a4f7cb5c3df8484dcf70113959a093ad4ae9f0a5127498d43b8cdd0ba3e3b7@160.36.57.98:16146, 803008a2c5f26791eac46c3fcc2c73fdacbcdec837598e104a95d1670cb808fc@160.36.57.98:10142, 803f8658a0bbb19e7d68941423a9a8348ccd297d8c20a58242bef048e735d8f5@160.36.57.98:10642, 808564dec1680499afdde6eaf75971a4eb9ceb0c96eaba9110ad0bf7e5fc90dd@160.36.57.98:10922, 80528ac00704e98308cde5e67ceef7131d698f3d1a02d622105092da7c78a8ce@160.36.57.98:10467, 80434b71b028cbdaaff22a6b106674897f1bd01f4121a28840bb49ad02596c03@160.36.57.98:10191, 80592d76b21c2287f1a50fdad44f92459c5e5c58da4c0eaa2553705c90015eb9@160.36.57.98:10718, 80a0c256ff610e195337b9dd1d76979bd14c555b5cf8e4ca0f6b1c907324a249@160.36.57.98:10545, 80fd0f8c73b08b39c1d875b3d0475b4dbbd5eeb75fe5f8502bda69196cf1838b@160.36.57.98:10379
806cfcac311f820a69332d1280fe13cc03a056fe0ae76940e2c7d15746a1b9a0@160.36.57.98:16125, 801520a398f58901e2a112c1fe6e7488b541df8187cb3fc6030485c6b5a2178a@160.36.57.98:10057, 809ef52ec5ee1f3845826e6638ab640e20174424cdbd5ef6be4ba30c9185e87d@160.36.57.98:10561, 80915049b3043c480410535441068580dd4de25500126c9bcdfea45964ead8c9@160.36.57.98:10113, 80830ec029ae003270b043335db6fbcd153bb373f71e333ee83e51a4166ebd79@160.36.57.98:10856, 80e8d61844d6229d8dc57c5fe944f4374c8df6546be93798f301a1a33195e0d0@160.36.57.98:10319, 80b381e14f89c85c5a45f8f464633f4eb733f153ecf12827ab398794e6f00d6a@160.36.57.98:10241, 80131e9c5c3856f715a1fca1b73a865066943683119b1f163399b8e96fd6bf81@160.36.57.98:10991, 802d2a3d3a418f5f388111e125cfa76f1b848d9018a14a2a6fe72f2bfa58e6d2@160.36.57.98:10987
802f5d692b9afd0decfa32675aae905961b095adf95e5e39183ec658c6db69db@160.36.57.98:16137, 801520a398f58901e2a112c1fe6e7488b541df8187cb3fc6030485c6b5a2178a@160.36.57.98:10057, 8017eb919b3cb86e8dac4698ea66be1c33eab5249a4740b4701be6ca7d3904bd@160.36.57.98:10602, 803e12269c2013d2f9f24c56b3ab0aaa512c60aef5cd21110120cc7037c0b3a9@160.36.57.98:10067, 806fc8e1df186a66fb2bb4f4d1f467c6a6ede6ee8e892018d20e9037bcf8fae3@160.36.57.98:10018, 80592d76b21c2287f1a50fdad44f92459c5e5c58da4c0eaa2553705c90015eb9@160.36.57.98:10718, 8086eaa5af701a2476d2cb28f298752e162d803f757e632b46e3b2aae356952e@160.36.57.98:10609, 804899aabc95b683a63f3b8c98e4a23a197865b983080613c96110737488c9e9@160.36.57.98:10682, 806bf63795184febaf3d919d093c1409ef2154c27cfaae4ee439494e387f4a53@160.36.57.98:10941
80b6bbb362863dbe7448c51912f77826f2ef06a0177ef6928f29abd7b770406c@160.36.57.98:16217, 801520a398f58901e2a112c1fe6e7488b541df8187cb3fc6030485c6b5a2178a@160.36.57.98:10057, 8017eb919b3cb86e8dac4698ea66be1c33eab5249a4740b4701be6ca7d3904bd@160.36.57.98:10602, 809ef52ec5ee1f3845826e6638ab640e20174424cdbd5ef6be4ba30c9185e87d@160.36.57.98:10561, 80e9a722268b0df757f610309aec89c9d2bc9f816e9b137864efedd91f1c764c@160.36.57.98:10586, 80ff331968c2995c75118ac13c5b865653f91c7fae9961de91920a9e0c6ef2ab@160.36.57.98:10687, 80d9622be7c6a20cc5d4a17f06dbf9fdac1fa0c0f2b9878926cf7dd9116e00d6@160.36.57.98:10837, 80fd0f8c73b08b39c1d875b3d0475b4dbbd5eeb75fe5f8502bda69196cf1838b@160.36.57.98:10379, 806bf63795184febaf3d919d093c1409ef2154c27cfaae4ee439494e387f4a53@160.36.57.98:10941
80dc7ec29c7180e0c8bdd016370251443ae56aa10af9508904860b9579db9ff2@160.36.57.98:16124, 801520a398f58901e2a112c1fe6e7488b541df8187cb3fc6030485c6b5a2178a@160.36.57.98:10057, 805f7190a536434c43ddc00ae61e7aa27d7151aa2b5302a3b9a53de8b21708ba@160.36.57.98:10480, 80380754636482fe205e27da75ca2112de2471ceb1d8c0a5c8ae59c08c5d6bb4@160.36.57.98:10387, 80b6357a6bff77e15a2d9612f18755c39dd0a7a4bbc872709108bed75ba7c1ea@160.36.57.98:10607, 808cd4d8664cfab20da884e4ce46191b0b02eec84771b8a486e163c3e805bc42@160.36.57.98:10260, 8083716bec29968df0cbaf3f91d05c41df511216d795e60b1a7345b00cc883e7@160.36.57.98:10791, 805fd134e5406469f69d8528e5fcffeb8cc480e28b804ff6dd14870187133faa@160.36.57.98:10158, 80a7fdf592887fe2af91316ae81e811c85ac576a11c256659bbc5f152cb280c5@160.36.57.98:10493
803c5100e4873942da1ec3bac8e5471df46e2f6145432984cbce79804271bf0f@160.36.57.98:16225, 801520a398f58901e2a112c1fe6e7488b541df8187cb3fc6030485c6b5a2178a@160.36.57.98:10057, 8037443a61625bb5e40f0b01c6adb50e712ad8be920cc88a526ee9512a7e86a3@160.36.57.98:10348, 80915049b3043c480410535441068580dd4de25500126c9bcdfea45964ead8c9@160.36.57.98:10113, 80d524249b5cbd31bf9d79407b6d4c5087a0d8cdcffdc0e7b353d4ab357ea3e2@160.36.57.98:10215, 804dd4bd458d4b89c967266840875fd528474f15a125f1394e6e9a79216b1970@160.36.57.98:10549, 80a3859364a42a9a24507adc1a6dbddfe831f48d01c0a0b8790fff64de2b0c6c@160.36.57.98:10981, 8078cf68e854dcd129fef49e60a5268fd2372f5c7fbf7ce7853b7f39bfae5786@160.36.57.98:10574, 8063109f7a2dda16f456e12f0ddba9016e29ef13466e23977bbefd4c4a41e7c7@160.36.57.98:10920
8017ef1cb92af220b56e243e3d22a4667bfa38be1e0166914cbcfbb4a9b21ccd@160.36.57.98:16176, 801520a398f58901e2a112c1fe6e7488b541df8187cb3fc6030485c6b5a2178a@160.36.57.98:10057, 809ef52ec5ee1f3845826e6638ab640e20174424cdbd5ef6be4ba30c9185e87d@160.36.57.98:10561, 804dd4bd458d4b89c967266840875fd528474f15a125f1394e6e9a79216b1970@160.36.57.98:10549, 80ae6fb5e86f1541c659332b92039c4a6234a0f18d96a9e8d13ee7a53e2be047@160.36.57.98:10622, 80a511c77192b51a57674ced7d03d0051be67ba703b2809f6bd54a10a27b5e95@160.36.57.98:10638, 80f523de33bd7817dccd9095198aa6470bb225e3ab0bea34af3c83afa9093133@160.36.57.98:10892, 80aec35555a957943394008680c2854c44703298068d300145570fac1fa4dbc1@160.36.57.98:10908, 80fbdefdfc06aee676fd3f71c4c541b3885cd2c035433443927f99018c3c1c48@160.36.57.98:10293
80607c853155e397f5f0c62c6651064fc1935a34b1f0a9ac639e3564f4da4182@160.36.57.98:16214, 801520a398f58901e2a112c1fe6e7488b541df8187cb3fc6030485c6b5a2178a@160.36.57.98:10057, 808a5151e859412aeabadf45d0690653b0368082ba62b5674cebac7ba00dc86d@160.36.57.98:10450, 80d524249b5cbd31bf9d79407b6d4c5087a0d8cdcffdc0e7b353d4ab357ea3e2@160.36.57.98:10215, 8087a68f64804bb09d9718a4dadb11c8583be5d37b69cf554f0882a80c950fc7@160.36.57.98:10868, 8036e90c7164757c49a0b56e89bcff4d48d9cc7080c4f46fa9a0fba74b6f22e3@160.36.57.98:10624, 8083716bec29968df0cbaf3f91d05c41df511216d795e60b1a7345b00cc883e7@160.36.57.98:10791, 804899aabc95b683a63f3b8c98e4a23a197865b983080613c96110737488c9e9@160.36.57.98:10682, 80a7fdf592887fe2af91316ae81e811c85ac576a11c256659bbc5f152cb280c5@160.36.57.98:10493
80895c2a267a26cf00672d8a661767172590e8924a5b7039514933923dfc3604@160.36.57.98:16127, 801520a398f58901e2a112c1fe6e7488b541df8187cb3fc6030485c6b5a2178a@160.36.57.98:10057, 804d7aa0f805fda8d743416c1bab3d218f97310698e22165947e16c81e1b67da@160.36.57.98:10840, 806fc8e1df186a66fb2bb4f4d1f467c6a6ede6ee8e892018d20e9037bcf8fae3@160.36.57.98:10018, 8072fbe13973bcf5e506e9a8e5ce0908c514c6b15adc6935e3f47385c0f7886b@160.36.57.98:10226, 8086eaa5af701a2476d2cb28f298752e162d803f757e632b46e3b2aae356952e@160.36.57.98:10609, 80f15e26f0d9a15067dced80b1f51743b92800687deecc433f35993039131489@160.36.57.98:10081, 80d9622be7c6a20cc5d4a17f06dbf9fdac1fa0c0f2b9878926cf7dd9116e00d6@160.36.57.98:10837, 804899aabc95b683a63f3b8c98e4a23a197865b983080613c96110737488c9e9@160.36.57.98:10682
80ccf9ae581bdd939bc0832abca275ce9dd6e222853582c931d6da1f4a68b214@160.36.57.98:16194, 80c8eee5059dbba6578580e3cd80c0c6ac7193bda22d5bb4626997969258a9f5@160.36.57.98:10901, 803e12269c2013d2f9f24c56b3ab0aaa512c60aef5cd21110120cc7037c0b3a9@160.36.57.98:10067, 801ca812b72779a03e05d21779d705d028320bcd7d79bb794175940630da5251@160.36.57.98:10579, 8037e4777521c75b051b4165a874cd095a4f79f2e6c29a942c03cc65bfff31b4@160.36.57.98:10814, 805fd134e5406469f69d8528e5fcffeb8cc480e28b804ff6dd14870187133faa@160.36.57.98:10158, 809f3c667293d68405b6a54fc488d71f410ae03f523c96f67158ecd249f6821d@160.36.57.98:10382, 80a7fdf592887fe2af91316ae81e811c85ac576a11c256659bbc5f152cb280c5@160.36.57.98:10493, 80bff08fe6e090195f117cdad60fc1f35fdae11613a14358edd8500af7fb962e@160.36.57.98:10770
80beabff48747d804b6562630e5e4178af2d6dd72fde03188fa28fd5ae09a36f@160.36.57.98:16220, 80c8eee5059dbba6578580e3cd80c0c6ac7193bda22d5bb4626997969258a9f5@160.36.57.98:10901, 803f8658a0bbb19e7d68941423a9a8348ccd297d8c20a58242bef048e735d8f5@160.36.57.98:10642, 809707849e47697ce091468fb4b55fa998d8e25dc2dc51c0b116523b2d678d50@160.36.57.98:10143, 80143571498bc43d47f8996ab06b39837d7bb858902769c07cb687e7103c794e@160.36.57.98:10766, 80a3859364a42a9a24507adc1a6dbddfe831f48d01c0a0b8790fff64de2b0c6c@160.36.57.98:10981, 8078cf68e854dcd129fef49e60a5268fd2372f5c7fbf7ce7853b7f39bfae5786@160.36.57.98:10574, 805fd134e5406469f69d8528e5fcffeb8cc480e28b804ff6dd14870187133faa@160.36.57.98:10158, 8050837bb4c1510db9d787c57bfe94d500b8539a4b17a2b93e173659f3442da9@160.36.57.98:10845
806a09b503fa96c0e2c1e15ca0d5d613be599f423481d91319583d26aca685a2@160.36.57.98:16233, 80c8eee5059dbba6578580e3cd80c0c6ac7193bda22d5bb4626997969258a9f5@160.36.57.98:10901, 8017eb919b3cb86e8dac4698ea66be1c33eab5249a4740b4701be6ca7d3904bd@160.36.57.98:10602, 801ca812b72779a03e05d21779d705d028320bcd7d79bb794175940630da5251@160.36.57.98:10579, 80b50c629a04bfd93c4525f38ec1c9ee1c9ec740afd24f3fee28d90ef5601096@160.36.57.98:10787, 80553d094b73077c80223f3800d0cbc724705d38f6db5d974c79cc59b052fb55@160.36.57.98:10047, 80a7fdf592887fe2af91316ae81e811c85ac576a11c256659bbc5f152cb280c5@160.36.57.98:10493, 80f7cb9d188455dcb3a9ae370f6095fe3643fb874498cef66fa765f44f97bc0e@160.36.57.98:10830, 8063109f7a2dda16f456e12f0ddba9016e29ef13466e23977bbefd4c4a41e7c7@160.36.57.98:10920
8010537069a88efb4a1f29cb5f69ef7fd6b70649e6a832b62899ed24d7032963@160.36.57.98:16164, 8017eb919b3cb86e8dac4698ea66be1c33eab5249a4740b4701be6ca7d3904bd@160.36.57.98:10602, 802d7e3f1551a7800388418e858a32dbe33f9d0ec4b96a56d2f071bd1ebdcd09@160.36.57.98:10934, 80ae6fb5e86f1541c659332b92039c4a6234a0f18d96a9e8d13ee7a53e2be047@160.36.57.98:10622, 80d549c881844e151cddfb0733e2fe94f7870b0a9134558c8f4a736b7c5e183c@160.36.57.98:10839, 807cb8e21cecefcce2a584c0a85662aea83894d1c241c72f63510872e83e7eb6@160.36.57.98:10204, 807499ba4b44d3a83c2129b640c5bd974074dda759b5ea862147eb109e8ccddf@160.36.57.98:10746, 804899aabc95b683a63f3b8c98e4a23a197865b983080613c96110737488c9e9@160.36.57.98:10682, 80da9239d79c1d686638a38581ad81157cdfca912097f1aba22232e2421fceaa@160.36.57.98:10635
80bcf3dff85fd668b4b87af1d17a6b352cf489a76c63222af6575174d94c64f7@160.36.57.98:16142, 8017eb919b3cb86e8dac4698ea66be1c33eab5249a4740b4701be6ca7d3904bd@160.36.57.98:10602, 80e8d61844d6229d8dc57c5fe944f4374c8df6546be93798f301a1a33195e0d0@160.36.57.98:10319, 805689d94b57adb088a0f2c1f33a8bf149e5c5b294b6b3827a8b69f1c1ba4f6e@160.36.57.98:10365, 80a0c256ff610e195337b9dd1d76979bd14c555b5cf8e4ca0f6b1c907324a249@160.36.57.98:10545, 803ceee8f520e497733eafce2608de42d26ab5a8c15f1f3c844691280a0e1fe7@160.36.57.98:10299, 80f523de33bd7817dccd9095198aa6470bb225e3ab0bea34af3c83afa9093133@160.36.57.98:10892, 803902201202acc75655d492eeb9edabfe30ed63f4518708c348d68b54b59760@160.36.57.98:10511, 80f7cb9d188455dcb3a9ae370f6095fe3643fb874498cef66fa765f44f97bc0e@160.36.57.98:10830
80d368cb3db27c00f80503b6ade7ddb10cc301b2d4e1eb7c8635cd7a1cb7e4d5@160.36.57.98:16148, 8017eb919b3cb86e8dac4698ea66be1c33eab5249a4740b4701be6ca7d3904bd@160.36.57.98:10602, 809707849e47697ce091468fb4b55fa998d8e25dc2dc51c0b116523b2d678d50@160.36.57.98:10143, 8062e6cf1836dc0625ff2bffb3aa5399c9a58164055751d06a9ce94ea649f9e5@160.36.57.98:10280, 80a66e1a797a1bce4e33e37f3d06a6d1e365bd1dd5ffd23c6cced450d5f932ae@160.36.57.98:10178, 80b50c629a04bfd93c4525f38ec1c9ee1c9ec740afd24f3fee28d90ef5601096@160.36.57.98:10787, 8041499927f3cec1d896e7a0ef5037e1319967a7e55370569cbadce378e698fa@160.36.57.98:10144, 80d9622be7c6a20cc5d4a17f06dbf9fdac1fa0c0f2b9878926cf7dd9116e00d6@160.36.57.98:10837, 8063109f7a2dda16f456e12f0ddba9016e29ef13466e23977bbefd4c4a41e7c7@160.36.57.98:10920
8010e6a18c35bab8cb7ddf8b8f002b29a07abf98007862e9ceba27cca7166cd1@160.36.57.98:16139, 8017eb919b3cb86e8dac4698ea66be1c33eab5249a4740b4701be6ca7d3904bd@160.36.57.98:10602, 80489fc588470c646d3982671103eaf009724ec2ab8cd027e0f9a992a6ecaf2e@160.36.57.98:10052, 80381b64a297853ba4c07929f393cb153061f0c3f792c80b04b0db0d7ba1c494@160.36.57.98:10679, 80e9a722268b0df757f610309aec89c9d2bc9f816e9b137864efedd91f1c764c@160.36.57.98:10586, 801d47c5fa7fd3e0079ff154d82ee1afa0b5c67a2839703ad8f8e9560e40fa58@160.36.57.98:10768, 80f523de33bd7817dccd9095198aa6470bb225e3ab0bea34af3c83afa9093133@160.36.57.98:10892, 80aec35555a957943394008680c2854c44703298068d300145570fac1fa4dbc1@160.36.57.98:10908, 809f3c667293d68405b6a54fc488d71f410ae03f523c96f67158ecd249f6821d@160.36.57.98:10382
8027563e8db1760f2ca97ad9511bd1d10c1aa1bef2dd31f663748937f6d27d53@160.36.57.98:16152, 8017eb919b3cb86e8dac4698ea66be1c33eab5249a4740b4701be6ca7d3904bd@160.36.57.98:10602, 80489fc588470c646d3982671103eaf009724ec2ab8cd027e0f9a992a6ecaf2e@160.36.57.98:10052, 80e9a722268b0df757f610309aec89c9d2bc9f816e9b137864efedd91f1c764c@160.36.57.98:10586, 8020a88d29ac0f0761d22de00a3c81aaf72d77955a7fc8ba878828c611c7808f@160.36.57.98:10608, 80d330c4011a1141a32aac68f5f1a7431b403e8fc4ab2e884bd5f33a9daa996d@160.36.57.98:10208, 80592d76b21c2287f1a50fdad44f92459c5e5c58da4c0eaa2553705c90015eb9@160.36.57.98:10718, 802d2a3d3a418f5f388111e125cfa76f1b848d9018a14a2a6fe72f2bfa58e6d2@160.36.57.98:10987, 807499ba4b44d3a83c2129b640c5bd974074dda759b5ea862147eb109e8ccddf@160.36.57.98:10746
80de261b2d9d17778e2e1a8a34d119b33b3deab6f7b364a7f1c58d616a1f58cd@160.36.57.98:16162, 8017eb919b3cb86e8dac4698ea66be1c33eab5249a4740b4701be6ca7d3904bd@160.36.57.98:10602, 803e12269c2013d2f9f24c56b3ab0aaa512c60aef5cd21110120cc7037c0b3a9@160.36.57.98:10067, 80528ac00704e98308cde5e67ceef7131d698f3d1a02d622105092da7c78a8ce@160.36.57.98:10467, 80b381e14f89c85c5a45f8f464633f4eb733f153ecf12827ab398794e6f00d6a@160.36.57.98:10241, 80f15e26f0d9a15067dced80b1f51743b92800687deecc433f35993039131489@160.36.57.98:10081, 8036e90c7164757c49a0b56e89bcff4d48d9cc7080c4f46fa9a0fba74b6f22e3@160.36.57.98:10624, 806bf63795184febaf3d919d093c1409ef2154c27cfaae4ee439494e387f4a53@160.36.57.98:10941, 8063109f7a2dda16f456e12f0ddba9016e29ef13466e23977bbefd4c4a41e7c7@160.36.57.98:10920
8089c3d06806bb2d047f780e3ffd131622eab99a5bec69f481fa3ec96bb897bc@160.36.57.98:16199, 803e12269c2013d2f9f24c56b3ab0aaa512c60aef5cd21110120cc7037c0b3a9@160.36.57.98:10067, 80528ac00704e98308cde5e67ceef7131d698f3d1a02d622105092da7c78a8ce@160.36.57.98:10467, 80e9a722268b0df757f610309aec89c9d2bc9f816e9b137864efedd91f1c764c@160.36.57.98:10586, 80cae7d1ac36392dbc9dc43457420df534cbfcdfec3dbaa224f85d701296158b@160.36.57.98:10917, 80d71796b64a078483056b7430a3537adc3580e7822db0bc35190cb39a29bc32@160.36.57.98:10145, 80f15e26f0d9a15067dced80b1f51743b92800687deecc433f35993039131489@160.36.57.98:10081, 8041499927f3cec1d896e7a0ef5037e1319967a7e55370569cbadce378e698fa@160.36.57.98:10144, 805fd134e5406469f69d8528e5fcffeb8cc480e28b804ff6dd14870187133faa@160.36.57.98:10158
80e87b80544616cccf14af05385ea5dc00fb0d8d62d554f09b5f7e72e04e21a3@160.36.57.98:16231, 803e12269c2013d2f9f24c56b3ab0aaa512c60aef5cd21110120cc7037c0b3a9@160.36.57.98:10067, 804d7aa0f805fda8d743416c1bab3d218f97310698e22165947e16c81e1b67da@160.36.57.98:10840, 80f238b5aac97390633f428454f15c37ab0ae1add9f218fb8e0822ee76d85b6e@160.36.57.98:10152, 80b50c629a04bfd93c4525f38ec1c9ee1c9ec740afd24f3fee28d90ef5601096@160.36.57.98:10787, 805fd134e5406469f69d8528e5fcffeb8cc480e28b804ff6dd14870187133faa@160.36.57.98:10158, 809f3c667293d68405b6a54fc488d71f410ae03f523c96f67158ecd249f6821d@160.36.57.98:10382, 80e881bf27a3d29d779df9aa510b145a5f63475e630f8aa37a08e93d6803d07c@160.36.57.98:10479, 80f7cb9d188455dcb3a9ae370f6095fe3643fb874498cef66fa765f44f97bc0e@160.36.57.98:10830
80ca9324b9b547a4c5355430ad12ca338390875a6dc7acff2d9c9481c5a21c95@160.36.57.98:16207, 803e12269c2013d2f9f24c56b3ab0aaa512c60aef5cd21110120cc7037c0b3a9@160.36.57.98:10067, 80434b71b028cbdaaff22a6b106674897f1bd01f4121a28840bb49ad02596c03@160.36.57.98:10191, 80d330c4011a1141a32aac68f5f1a7431b403e8fc4ab2e884bd5f33a9daa996d@160.36.57.98:10208, 8099022469e804291a8b59652cd7309281c1ebd531b531cf068bd3efb66075ad@160.36.57.98:10734, 8067cea40d246ae8742a92b343267c58c4417d5499ae85e6e8fe65a1e9141fde@160.36.57.98:10257, 803902201202acc75655d492eeb9edabfe30ed63f4518708c348d68b54b59760@160.36.57.98:10511, 800dbe1eec312639d6a55e2c832c45f382833852da80bbc1f94c1c889d7f9a97@160.36.57.98:10678, 80da9239d79c1d686638a38581ad81157cdfca912097f1aba22232e2421fceaa@160.36.57.98:10635
801673071fa2bebadbae39f0eebbe7162d452c68312e00d54ecf7ec7468065be@160.36.57.98:16237, 803e12269c2013d2f9f24c56b3ab0aaa512c60aef5cd21110120cc7037c0b3a9@160.36.57.98:10067, 80915049b3043c480410535441068580dd4de25500126c9bcdfea45964ead8c9@160.36.57.98:10113, 80830ec029ae003270b043335db6fbcd153bb373f71e333ee83e51a4166ebd79@160.36.57.98:10856, 80d330c4011a1141a32aac68f5f1a7431b403e8fc4ab2e884bd5f33a9daa996d@160.36.57.98:10208, 8072fbe13973bcf5e506e9a8e5ce0908c514c6b15adc6935e3f47385c0f7886b@160.36.57.98:10226, 806516c4056831f1bcf0d52e1163082bf88ae8b9f483c018e325fa7f74e1e833@160.36.57.98:10836, 805fd134e5406469f69d8528e5fcffeb8cc480e28b804ff6dd14870187133faa@160.36.57.98:10158, 802ce4b89f434882165f14fbeac95264974f007651c4e0a8ab7d6f1f40854549@160.36.57.98:10060
80b5905aca238acd9d073d7705d05e18f9e857e8e0f02524ee2ffa869eb5bb81@160.36.57.98:16135, 803e12269c2013d2f9f24c56b3ab0aaa512c60aef5cd21110120cc7037c0b3a9@160.36.57.98:10067, 8037443a61625bb5e40f0b01c6adb50e712ad8be920cc88a526ee9512a7e86a3@160.36.57.98:10348, 809ef52ec5ee1f3845826e6638ab640e20174424cdbd5ef6be4ba30c9185e87d@160.36.57.98:10561, 80d524249b5cbd31bf9d79407b6d4c5087a0d8cdcffdc0e7b353d4ab357ea3e2@160.36.57.98:10215, 80592d76b21c2287f1a50fdad44f92459c5e5c58da4c0eaa2553705c90015eb9@160.36.57.98:10718, 807cb8e21cecefcce2a584c0a85662aea83894d1c241c72f63510872e83e7eb6@160.36.57.98:10204, 80e881bf27a3d29d779df9aa510b145a5f63475e630f8aa37a08e93d6803d07c@160.36.57.98:10479, 80dafff8cc3cda071fdc4bba74f5e7ed492369970739a9d76871a76dff415e74@160.36.57.98:10658
8061d85d638ebe3e4222c9d76c29e0b4f13503a7db9b739f4ddb8d30a7e07dc6@160.36.57.98:16235, 80a608c9f6159fdd56a2b5541d47aa27065bb66a56e593995e86c6c1ab759951@160.36.57.98:10190, 8037e4777521c75b051b4165a874cd095a4f79f2e6c29a942c03cc65bfff31b4@160.36.57.98:10814, 80d524249b5cbd31bf9d79407b6d4c5087a0d8cdcffdc0e7b353d4ab357ea3e2@160.36.57.98:10215, 804dd4bd458d4b89c967266840875fd528474f15a125f1394e6e9a79216b1970@160.36.57.98:10549, 80122542f65252ea1170466c523e79fead2b58e3d4848b2c1545f8177b724f05@160.36.57.98:10444, 803ceee8f520e497733eafce2608de42d26ab5a8c15f1f3c844691280a0e1fe7@160.36.57.98:10299, 8036e90c7164757c49a0b56e89bcff4d48d9cc7080c4f46fa9a0fba74b6f22e3@160.36.57.98:10624, 80fd0f8c73b08b39c1d875b3d0475b4dbbd5eeb75fe5f8502bda69196cf1838b@160.36.57.98:10379
80b2410fc650eba0ed39a7c36bc226fe3d9b4d75549c5065a9a7b0a577121f91@160.36.57.98:16173, 80a608c9f6159fdd56a2b5541d47aa27065bb66a56e593995e86c6c1ab759951@160.36.57.98:10190, 805df85d02c7466d29a0f7eefd54d086b126f71a97583ef6f759bd7ca10c5d7a@160.36.57.98:10405, 80e33368675394d12cc7e003a634334ad51a0869dc4e222948c216c6ac68dd25@160.36.57.98:10568, 801d47c5fa7fd3e0079ff154d82ee1afa0b5c67a2839703ad8f8e9560e40fa58@160.36.57.98:10768, 80f15e26f0d9a15067dced80b1f51743b92800687deecc433f35993039131489@160.36.57.98:10081, 803902201202acc75655d492eeb9edabfe30ed63f4518708c348d68b54b59760@160.36.57.98:10511, 80fbdefdfc06aee676fd3f71c4c541b3885cd2c035433443927f99018c3c1c48@160.36.57.98:10293, 8044c55eb74bdcbc197dc53c529ba0854d275b8bb0fe7ab765877de395b03ba0@160.36.57.98:10887
80790bdde1cbb8440b80a2b5b644393fd40d4d1b80f341f42e708c929591e802@160.36.57.98:16188, 80a608c9f6159fdd56a2b5541d47aa27065bb66a56e593995e86c6c1ab759951@160.36.57.98:10190, 809707849e47697ce091468fb4b55fa998d8e25dc2dc51c0b116523b2d678d50@160.36.57.98:10143, 80dc5e6eb8141d0ac9d1effdaee01017978224f2754f6696b7da3d02190aca7b@160.36.57.98:10708, 8086eaa5af701a2476d2cb28f298752e162d803f757e632b46e3b2aae356952e@160.36.57.98:10609, 8057e801fb1298579886013500230d109ef77431f7a9f1c13b3d569884163785@160.36.57.98:10367, 8078cf68e854dcd129fef49e60a5268fd2372f5c7fbf7ce7853b7f39bfae5786@160.36.57.98:10574, 80bff08fe6e090195f117cdad60fc1f35fdae11613a14358edd8500af7fb962e@160.36.57.98:10770, 80710c0418f37c6f5db1f1e9b2747d10e7f30f9c5e976ca6c39b4305f9c56acd@160.36.57.98:10395
80ccaaff145993c3b7e58d056e7ce4ac713be0c3a894e9bc28879637f8fff107@160.36.57.98:16213, 80a608c9f6159fdd56a2b5541d47aa27065bb66a56e593995e86c6c1ab759951@160.36.57.98:10190, 805f7190a536434c43ddc00ae61e7aa27d7151aa2b5302a3b9a53de8b21708ba@160.36.57.98:10480, 80489fc588470c646d3982671103eaf009724ec2ab8cd027e0f9a992a6ecaf2e@160.36.57.98:10052, 80037ea14777427db7e9292b9f8794b9ff9c8636a4412d24298b4912674f8a69@160.36.57.98:10689, 802d7e3f1551a7800388418e858a32dbe33f9d0ec4b96a56d2f071bd1ebdcd09@160.36.57.98:10934, 80a66e1a797a1bce4e33e37f3d06a6d1e365bd1dd5ffd23c6cced450d5f932ae@160.36.57.98:10178, 80592d76b21c2287f1a50fdad44f92459c5e5c58da4c0eaa2553705c90015eb9@160.36.57.98:10718, 8083716bec29968df0cbaf3f91d05c41df511216d795e60b1a7345b00cc883e7@160.36.57.98:10791
80cd2e41c44aca480d0dedb6336421d9c61bfcfdcb5e4ee0f0f914ff0f4a138a@160.36.57.98:16222, 80a608c9f6159fdd56a2b5541d47aa27065bb66a56e593995e86c6c1ab759951@160.36.57.98:10190, 805df85d02c7466d29a0f7eefd54d086b126f71a97583ef6f759bd7ca10c5d7a@160.36.57.98:10405, 80a0c256ff610e195337b9dd1d76979bd14c555b5cf8e4ca0f6b1c907324a249@160.36.57.98:10545, 8082a8dcb2780ba5de0d4ca5c074fa859148e4c9e35095efd0be08075eb817f1@160.36.57.98:10631, 80d9622be7c6a20cc5d4a17f06dbf9fdac1fa0c0f2b9878926cf7dd9116e00d6@160.36.57.98:10837, 80db0a804f3792e8154497887e790ce7b8da2e85a40f1500e1d7f890297ee539@160.36.57.98:10322, 804bb12ff40c1aa68a76fe300626fae23b1066d5fea9a567de70500aba1e87b3@160.36.57.98:10327, 80710c0418f37c6f5db1f1e9b2747d10e7f30f9c5e976ca6c39b4305f9c56acd@160.36.57.98:10395
80d0647d759770407099826b8b4fb4415437f45373e67585faa6fb719e10b9b2@160.36.57.98:16223, 80a608c9f6159fdd56a2b5541d47aa27065bb66a56e593995e86c6c1ab759951@160.36.57.98:10190, 805f7190a536434c43ddc00ae61e7aa27d7151aa2b5302a3b9a53de8b21708ba@160.36.57.98:10480, 8037443a61625bb5e40f0b01c6adb50e712ad8be920cc88a526ee9512a7e86a3@160.36.57.98:10348, 80380754636482fe205e27da75ca2112de2471ceb1d8c0a5c8ae59c08c5d6bb4@160.36.57.98:10387, 80a0c256ff610e195337b9dd1d76979bd14c555b5cf8e4ca0f6b1c907324a249@160.36.57.98:10545, 80f523de33bd7817dccd9095198aa6470bb225e3ab0bea34af3c83afa9093133@160.36.57.98:10892, 80aec35555a957943394008680c2854c44703298068d300145570fac1fa4dbc1@160.36.57.98:10908, 803902201202acc75655d492eeb9edabfe30ed63f4518708c348d68b54b59760@160.36.57.98:10511
80f8a4a31b841f57955ddae3f97f584f900e72aacdc6cf75c18ee2ac1536b2d4@160.36.57.98:16159, 801ca812b72779a03e05d21779d705d028320bcd7d79bb794175940630da5251@160.36.57.98:10579, 80c941c103a5d9188212ba36bf0f4ae2684b09acf53f1be4a10fc31e2b6378f4@160.36.57.98:10807, 80434b71b028cbdaaff22a6b106674897f1bd01f4121a28840bb49ad02596c03@160.36.57.98:10191, 804dd4bd458d4b89c967266840875fd528474f15a125f1394e6e9a79216b1970@160.36.57.98:10549, 8082a8dcb2780ba5de0d4ca5c074fa859148e4c9e35095efd0be08075eb817f1@160.36.57.98:10631, 80d549c881844e151cddfb0733e2fe94f7870b0a9134558c8f4a736b7c5e183c@160.36.57.98:10839, 804b6313079eb2c1aa1c4b823f98ba1794328f98e57e57d97b92ec4e554d1470@160.36.57.98:10014, 8050837bb4c1510db9d787c57bfe94d500b8539a4b17a2b93e173659f3442da9@160.36.57.98:10845
8073cfd971840ac8679a57e699ecf92fc6a14c6922737e7e9be0fa1dc10bfda1@160.36.57.98:16132, 801ca812b72779a03e05d21779d705d028320bcd7d79bb794175940630da5251@160.36.57.98:10579, 806d6060747d8966dfc4c7587f161374c89978b2c6aecc96353f0d71f6dc4d2f@160.36.57.98:10232, 80037ea14777427db7e9292b9f8794b9ff9c8636a4412d24298b4912674f8a69@160.36.57.98:10689, 804dd4bd458d4b89c967266840875fd528474f15a125f1394e6e9a79216b1970@160.36.57.98:10549, 801d47c5fa7fd3e0079ff154d82ee1afa0b5c67a2839703ad8f8e9560e40fa58@160.36.57.98:10768, 80db0a804f3792e8154497887e790ce7b8da2e85a40f1500e1d7f890297ee539@160.36.57.98:10322, 807499ba4b44d3a83c2129b640c5bd974074dda759b5ea862147eb109e8ccddf@160.36.57.98:10746, 804bb12ff40c1aa68a76fe300626fae23b1066d5fea9a567de70500aba1e87b3@160.36.57.98:10327
804baa26455a85fcee51a308c99ed16c773f4cc5b93c5fc9198546f46d879934@160.36.57.98:16121, 801ca812b72779a03e05d21779d705d028320bcd7d79bb794175940630da5251@160.36.57.98:10579, 806d6060747d8966dfc4c7587f161374c89978b2c6aecc96353f0d71f6dc4d2f@160.36.57.98:10232, 80143571498bc43d47f8996ab06b39837d7bb858902769c07cb687e7103c794e@160.36.57.98:10766, 80a0c256ff610e195337b9dd1d76979bd14c555b5cf8e4ca0f6b1c907324a249@160.36.57.98:10545, 8099022469e804291a8b59652cd7309281c1ebd531b531cf068bd3efb66075ad@160.36.57.98:10734, 80f523de33bd7817dccd9095198aa6470bb225e3ab0bea34af3c83afa9093133@160.36.57.98:10892, 80f7cb9d188455dcb3a9ae370f6095fe3643fb874498cef66fa765f44f97bc0e@160.36.57.98:10830, 8063109f7a2dda16f456e12f0ddba9016e29ef13466e23977bbefd4c4a41e7c7@160.36.57.98:10920
807e113074e3b2d7f3c88bdb2fb593ad465ba19066cb55b44deb62fee4c8824c@160.36.57.98:16163, 8037e4777521c75b051b4165a874cd095a4f79f2e6c29a942c03cc65bfff31b4@160.36.57.98:10814, 8062e6cf1836dc0625ff2bffb3aa5399c9a58164055751d06a9ce94ea649f9e5@160.36.57.98:10280, 804dd4bd458d4b89c967266840875fd528474f15a125f1394e6e9a79216b1970@160.36.57.98:10549, 808cd4d8664cfab20da884e4ce46191b0b02eec84771b8a486e163c3e805bc42@160.36.57.98:10260, 80a511c77192b51a57674ced7d03d0051be67ba703b2809f6bd54a10a27b5e95@160.36.57.98:10638, 8099022469e804291a8b59652cd7309281c1ebd531b531cf068bd3efb66075ad@160.36.57.98:10734, 803ceee8f520e497733eafce2608de42d26ab5a8c15f1f3c844691280a0e1fe7@160.36.57.98:10299, 80d9622be7c6a20cc5d4a17f06dbf9fdac1fa0c0f2b9878926cf7dd9116e00d6@160.36.57.98:10837
80a42487537561201cc51687faeaffad0b0cd73455238888253cc4453b8d00fa@160.36.57.98:16196, 8037e4777521c75b051b4165a874cd095a4f79f2e6c29a942c03cc65bfff31b4@160.36.57.98:10814, 809707849e47697ce091468fb4b55fa998d8e25dc2dc51c0b116523b2d678d50@160.36.57.98:10143, 804d7aa0f805fda8d743416c1bab3d218f97310698e22165947e16c81e1b67da@160.36.57.98:10840, 80e33368675394d12cc7e003a634334ad51a0869dc4e222948c216c6ac68dd25@160.36.57.98:10568, 80122542f65252ea1170466c523e79fead2b58e3d4848b2c1545f8177b724f05@160.36.57.98:10444, 803ceee8f520e497733eafce2608de42d26ab5a8c15f1f3c844691280a0e1fe7@160.36.57.98:10299, 8036e90c7164757c49a0b56e89bcff4d48d9cc7080c4f46fa9a0fba74b6f22e3@160.36.57.98:10624, 800115de4fb77ee53036c74dd0c1d61311fa0dae0bd67cdfe8de6f4e45887421@160.36.57.98:10567
807b7ee8dc5f7ff84512fc0055e3ee895b26d3aeec6311873dc258230a96d309@160.36.57.98:16183, 8037e4777521c75b051b4165a874cd095a4f79f2e6c29a942c03cc65bfff31b4@160.36.57.98:10814, 809ef52ec5ee1f3845826e6638ab640e20174424cdbd5ef6be4ba30c9185e87d@160.36.57.98:10561, 80585d392b718c1284bc6ac37c32bc2be8870f6f3f8ca500b08164be35bc8a22@160.36.57.98:10760, 808a5151e859412aeabadf45d0690653b0368082ba62b5674cebac7ba00dc86d@160.36.57.98:10450, 8078cf68e854dcd129fef49e60a5268fd2372f5c7fbf7ce7853b7f39bfae5786@160.36.57.98:10574, 802d2a3d3a418f5f388111e125cfa76f1b848d9018a14a2a6fe72f2bfa58e6d2@160.36.57.98:10987, 804bb12ff40c1aa68a76fe300626fae23b1066d5fea9a567de70500aba1e87b3@160.36.57.98:10327, 8044c55eb74bdcbc197dc53c529ba0854d275b8bb0fe7ab765877de395b03ba0@160.36.57.98:10887
80553296110e691960631cf330f279521ac3c6618e20e3f37faa63d4b232804b@160.36.57.98:16161, 8037e4777521c75b051b4165a874cd095a4f79f2e6c29a942c03cc65bfff31b4@160.36.57.98:10814, 80528ac00704e98308cde5e67ceef7131d698f3d1a02d622105092da7c78a8ce@160.36.57.98:10467, 80830ec029ae003270b043335db6fbcd153bb373f71e333ee83e51a4166ebd79@160.36.57.98:10856, 80b50c629a04bfd93c4525f38ec1c9ee1c9ec740afd24f3fee28d90ef5601096@160.36.57.98:10787, 80553d094b73077c80223f3800d0cbc724705d38f6db5d974c79cc59b052fb55@160.36.57.98:10047, 80131e9c5c3856f715a1fca1b73a865066943683119b1f163399b8e96fd6bf81@160.36.57.98:10991, 804bb12ff40c1aa68a76fe300626fae23b1066d5fea9a567de70500aba1e87b3@160.36.57.98:10327, 8050837bb4c1510db9d787c57bfe94d500b8539a4b17a2b93e173659f3442da9@160.36.57.98:10845
809475ccd93a2decbf03581454f35e29781866414b84e5c48dfc70e5686e8a6c@160.36.57.98:16211, 805f7190a536434c43ddc00ae61e7aa27d7151aa2b5302a3b9a53de8b21708ba@160.36.57.98:10480, 808a5151e859412aeabadf45d0690653b0368082ba62b5674cebac7ba00dc86d@160.36.57.98:10450, 80e9a722268b0df757f610309aec89c9d2bc9f816e9b137864efedd91f1c764c@160.36.57.98:10586, 805df85d02c7466d29a0f7eefd54d086b126f71a97583ef6f759bd7ca10c5d7a@160.36.57.98:10405, 805689d94b57adb088a0f2c1f33a8bf149e5c5b294b6b3827a8b69f1c1ba4f6e@160.36.57.98:10365, 80a66e1a797a1bce4e33e37f3d06a6d1e365bd1dd5ffd23c6cced450d5f932ae@160.36.57.98:10178, 80f0409ad71b0698c1623ea2f5c106db42a2eeb9234a62fa932a1f77134b401a@160.36.57.98:10532, 808cd4d8664cfab20da884e4ce46191b0b02eec84771b8a486e163c3e805bc42@160.36.57.98:10260
808aed1c8fbc2f1c0ef2c7fa2ea26f5580bd17781a0b197262be82f2237987c1@160.36.57.98:16236, 805f7190a536434c43ddc00ae61e7aa27d7151aa2b5302a3b9a53de8b21708ba@160.36.57.98:10480, 809707849e47697ce091468fb4b55fa998d8e25dc2dc51c0b116523b2d678d50@160.36.57.98:10143, 805df85d02c7466d29a0f7eefd54d086b126f71a97583ef6f759bd7ca10c5d7a@160.36.57.98:10405, 80f10f320ae1e5067da7a34bda450d9f8ae2cb7b4c73c376a48b67cd42db8799@160.36.57.98:10776, 808d2c2d8ead9e6fe58c425805ac4746b4cb2b26b47c4a4cbeda53af2874a8d7@160.36.57.98:10284, 806fc8e1df186a66fb2bb4f4d1f467c6a6ede6ee8e892018d20e9037bcf8fae3@160.36.57.98:10018, 8072fbe13973bcf5e506e9a8e5ce0908c514c6b15adc6935e3f47385c0f7886b@160.36.57.98:10226, 80a3859364a42a9a24507adc1a6dbddfe831f48d01c0a0b8790fff64de2b0c6c@160.36.57.98:10981
80d59d4e54ba0917e929ddec2a4b28b819ddf65e28b0e634333eb56d70880fdd@160.36.57.98:16184, 805f7190a536434c43ddc00ae61e7aa27d7151aa2b5302a3b9a53de8b21708ba@160.36.57.98:10480, 80489fc588470c646d3982671103eaf009724ec2ab8cd027e0f9a992a6ecaf2e@160.36.57.98:10052, 809707849e47697ce091468fb4b55fa998d8e25dc2dc51c0b116523b2d678d50@160.36.57.98:10143, 80830ec029ae003270b043335db6fbcd153bb373f71e333ee83e51a4166ebd79@160.36.57.98:10856, 80131e9c5c3856f715a1fca1b73a865066943683119b1f163399b8e96fd6bf81@160.36.57.98:10991, 80f523de33bd7817dccd9095198aa6470bb225e3ab0bea34af3c83afa9093133@160.36.57.98:10892, 80710c0418f37c6f5db1f1e9b2747d10e7f30f9c5e976ca6c39b4305f9c56acd@160.36.57.98:10395, 80f2fa725cf1a089a9b76a120f7453f35815b4d72cb15a1fd8ae177dfca38453@160.36.57.98:10087
8021f39b04c14edea2ec96ba9a01e9ea0ce9cfe38d0e6cfa4109746af5dc1506@160.36.57.98:16175, 805f7190a536434c43ddc00ae61e7aa27d7151aa2b5302a3b9a53de8b21708ba@160.36.57.98:10480, 803f8658a0bbb19e7d68941423a9a8348ccd297d8c20a58242bef048e735d8f5@160.36.57.98:10642, 80164b1aff1dfc000e6f003e4fc9c54e6fe95c6ba5db48d186362082f5f8a131@160.36.57.98:10464, 80143571498bc43d47f8996ab06b39837d7bb858902769c07cb687e7103c794e@160.36.57.98:10766, 80d330c4011a1141a32aac68f5f1a7431b403e8fc4ab2e884bd5f33a9daa996d@160.36.57.98:10208, 806fc8e1df186a66fb2bb4f4d1f467c6a6ede6ee8e892018d20e9037bcf8fae3@160.36.57.98:10018, 80131e9c5c3856f715a1fca1b73a865066943683119b1f163399b8e96fd6bf81@160.36.57.98:10991, 802d2a3d3a418f5f388111e125cfa76f1b848d9018a14a2a6fe72f2bfa58e6d2@160.36.57.98:10987
800dc441645b9dbd6f72b199c98076ccb54d65e228ddcefe87cdf71fa64596e1@160.36.57.98:16212, 805f7190a536434c43ddc00ae61e7aa27d7151aa2b5302a3b9a53de8b21708ba@160.36.57.98:10480, 8037443a61625bb5e40f0b01c6adb50e712ad8be920cc88a526ee9512a7e86a3@160.36.57.98:10348, 803f8658a0bbb19e7d68941423a9a8348ccd297d8c20a58242bef048e735d8f5@160.36.57.98:10642, 80d549c881844e151cddfb0733e2fe94f7870b0a9134558c8f4a736b7c5e183c@160.36.57.98:10839, 802d2a3d3a418f5f388111e125cfa76f1b848d9018a14a2a6fe72f2bfa58e6d2@160.36.57.98:10987, 803902201202acc75655d492eeb9edabfe30ed63f4518708c348d68b54b59760@160.36.57.98:10511, 80a23ac5e41c1b8b68df512316224ce54a6e83bfd9d2d98172c78611ac8b2225@160.36.57.98:10756, 80da9239d79c1d686638a38581ad81157cdfca912097f1aba22232e2421fceaa@160.36.57.98:10635
80a6ca4bdfb8295d41eb2a1f367cf61e17502a032f091cd7b755065080242a5a@160.36.57.98:16179, 805f7190a536434c43ddc00ae61e7aa27d7151aa2b5302a3b9a53de8b21708ba@160.36.57.98:10480, 8037443a61625bb5e40f0b01c6adb50e712ad8be920cc88a526ee9512a7e86a3@160.36.57.98:10348, 809707849e47697ce091468fb4b55fa998d8e25dc2dc51c0b116523b2d678d50@160.36.57.98:10143, 80ae6fb5e86f1541c659332b92039c4a6234a0f18d96a9e8d13ee7a53e2be047@160.36.57.98:10622, 80592d76b21c2287f1a50fdad44f92459c5e5c58da4c0eaa2553705c90015eb9@160.36.57.98:10718, 801156351724956708814349b7b845b8f82d3a17bb9ee2d6da31afb6e7c83daa@160.36.57.98:10105, 809f3c667293d68405b6a54fc488d71f410ae03f523c96f67158ecd249f6821d@160.36.57.98:10382, 8050837bb4c1510db9d787c57bfe94d500b8539a4b17a2b93e173659f3442da9@160.36.57.98:10845
805eefb16401d2edb3e5989d4a028fd09ae2f476be35f685f69a3472acd581e5@160.36.57.98:16229, 805f7190a536434c43ddc00ae61e7aa27d7151aa2b5302a3b9a53de8b21708ba@160.36.57.98:10480, 80f0409ad71b0698c1623ea2f5c106db42a2eeb9234a62fa932a1f77134b401a@160.36.57.98:10532, 8082a8dcb2780ba5de0d4ca5c074fa859148e4c9e35095efd0be08075eb817f1@160.36.57.98:10631, 80a511c77192b51a57674ced7d03d0051be67ba703b2809f6bd54a10a27b5e95@160.36.57.98:10638, 80d9622be7c6a20cc5d4a17f06dbf9fdac1fa0c0f2b9878926cf7dd9116e00d6@160.36.57.98:10837, 80a7fdf592887fe2af91316ae81e811c85ac576a11c256659bbc5f152cb280c5@160.36.57.98:10493, 800dbe1eec312639d6a55e2c832c45f382833852da80bbc1f94c1c889d7f9a97@160.36.57.98:10678, 80da9239d79c1d686638a38581ad81157cdfca912097f1aba22232e2421fceaa@160.36.57.98:10635
80b14b7ab14b125d68541f4b37d7abbe103eb097acc6f4a80ab67d945efe1ede@160.36.57.98:16126, 805f7190a536434c43ddc00ae61e7aa27d7151aa2b5302a3b9a53de8b21708ba@160.36.57.98:10480, 8037443a61625bb5e40f0b01c6adb50e712ad8be920cc88a526ee9512a7e86a3@160.36.57.98:10348, 80e8d61844d6229d8dc57c5fe944f4374c8df6546be93798f301a1a33195e0d0@160.36.57.98:10319, 802d7e3f1551a7800388418e858a32dbe33f9d0ec4b96a56d2f071bd1ebdcd09@160.36.57.98:10934, 80d330c4011a1141a32aac68f5f1a7431b403e8fc4ab2e884bd5f33a9daa996d@160.36.57.98:10208, 8036e90c7164757c49a0b56e89bcff4d48d9cc7080c4f46fa9a0fba74b6f22e3@160.36.57.98:10624, 806bf63795184febaf3d919d093c1409ef2154c27cfaae4ee439494e387f4a53@160.36.57.98:10941, 800dbe1eec312639d6a55e2c832c45f382833852da80bbc1f94c1c889d7f9a97@160.36.57.98:10678
80e16b1f40ebe82467005005ef65dc7e61dbb536bbe1249d4c9841a315613c75@160.36.57.98:16154, 80489fc588470c646d3982671103eaf009724ec2ab8cd027e0f9a992a6ecaf2e@160.36.57.98:10052, 80381b64a297853ba4c07929f393cb153061f0c3f792c80b04b0db0d7ba1c494@160.36.57.98:10679, 80e33368675394d12cc7e003a634334ad51a0869dc4e222948c216c6ac68dd25@160.36.57.98:10568, 80b50c629a04bfd93c4525f38ec1c9ee1c9ec740afd24f3fee28d90ef5601096@160.36.57.98:10787, 804ceda1a3a50c60ec67885107b0b0f60e5f19f7da63b6d77754fc8757338180@160.36.57.98:10652, 80e8da7582adf16dd49945095aab83176b9e629a41958ce4cac001bfac08f025@160.36.57.98:10968, 802d2a3d3a418f5f388111e125cfa76f1b848d9018a14a2a6fe72f2bfa58e6d2@160.36.57.98:10987, 8083716bec29968df0cbaf3f91d05c41df511216d795e60b1a7345b00cc883e7@160.36.57.98:10791
80e54b29974851f25cd0a79d57d582298f81fd461b75ff30a4e3daf541719653@160.36.57.98:16150, 80489fc588470c646d3982671103eaf009724ec2ab8cd027e0f9a992a6ecaf2e@160.36.57.98:10052, 80381b64a297853ba4c07929f393cb153061f0c3f792c80b04b0db0d7ba1c494@160.36.57.98:10679, 809707849e47697ce091468fb4b55fa998d8e25dc2dc51c0b116523b2d678d50@160.36.57.98:10143, 80f238b5aac97390633f428454f15c37ab0ae1add9f218fb8e0822ee76d85b6e@160.36.57.98:10152, 8020a88d29ac0f0761d22de00a3c81aaf72d77955a7fc8ba878828c611c7808f@160.36.57.98:10608, 804ceda1a3a50c60ec67885107b0b0f60e5f19f7da63b6d77754fc8757338180@160.36.57.98:10652, 801d47c5fa7fd3e0079ff154d82ee1afa0b5c67a2839703ad8f8e9560e40fa58@160.36.57.98:10768, 8099022469e804291a8b59652cd7309281c1ebd531b531cf068bd3efb66075ad@160.36.57.98:10734
801bcc6267e2cd03d00f4ee0f36a85820b71980a5ee858dc86956cbd2f6e9917@160.36.57.98:16177, 80489fc588470c646d3982671103eaf009724ec2ab8cd027e0f9a992a6ecaf2e@160.36.57.98:10052, 809ef52ec5ee1f3845826e6638ab640e20174424cdbd5ef6be4ba30c9185e87d@160.36.57.98:10561, 809707849e47697ce091468fb4b55fa998d8e25dc2dc51c0b116523b2d678d50@160.36.57.98:10143, 805df85d02c7466d29a0f7eefd54d086b126f71a97583ef6f759bd7ca10c5d7a@160.36.57.98:10405, 80434b71b028cbdaaff22a6b106674897f1bd01f4121a28840bb49ad02596c03@160.36.57.98:10191, 803902201202acc75655d492eeb9edabfe30ed63f4518708c348d68b54b59760@160.36.57.98:10511, 80647b0c07ced9a7d084889580546d198e6920e54d154c16deaeaa94a1bbfb2e@160.36.57.98:10530, 80da9239d79c1d686638a38581ad81157cdfca912097f1aba22232e2421fceaa@160.36.57.98:10635
80addf818fee857fa3cbf1df1f9cf75ca5ef0576dacb0a8d93357c5aa70efa05@160.36.57.98:16120, 80381b64a297853ba4c07929f393cb153061f0c3f792c80b04b0db0d7ba1c494@160.36.57.98:10679, 80037ea14777427db7e9292b9f8794b9ff9c8636a4412d24298b4912674f8a69@160.36.57.98:10689, 80b6357a6bff77e15a2d9612f18755c39dd0a7a4bbc872709108bed75ba7c1ea@160.36.57.98:10607, 806fc8e1df186a66fb2bb4f4d1f467c6a6ede6ee8e892018d20e9037bcf8fae3@160.36.57.98:10018, 80d71796b64a078483056b7430a3537adc3580e7822db0bc35190cb39a29bc32@160.36.57.98:10145, 80a511c77192b51a57674ced7d03d0051be67ba703b2809f6bd54a10a27b5e95@160.36.57.98:10638, 8036e90c7164757c49a0b56e89bcff4d48d9cc7080c4f46fa9a0fba74b6f22e3@160.36.57.98:10624, 8067cea40d246ae8742a92b343267c58c4417d5499ae85e6e8fe65a1e9141fde@160.36.57.98:10257
8082c707f25eaf9b3630cb939e4753d0d7754746ed6e9f9ce55d33529d9bbaa8@160.36.57.98:16219, 80381b64a297853ba4c07929f393cb153061f0c3f792c80b04b0db0d7ba1c494@160.36.57.98:10679, 809ef52ec5ee1f3845826e6638ab640e20174424cdbd5ef6be4ba30c9185e87d@160.36.57.98:10561, 80d524249b5cbd31bf9d79407b6d4c5087a0d8cdcffdc0e7b353d4ab357ea3e2@160.36.57.98:10215, 805689d94b57adb088a0f2c1f33a8bf149e5c5b294b6b3827a8b69f1c1ba4f6e@160.36.57.98:10365, 802d7e3f1551a7800388418e858a32dbe33f9d0ec4b96a56d2f071bd1ebdcd09@160.36.57.98:10934, 80bff08fe6e090195f117cdad60fc1f35fdae11613a14358edd8500af7fb962e@160.36.57.98:10770, 80710c0418f37c6f5db1f1e9b2747d10e7f30f9c5e976ca6c39b4305f9c56acd@160.36.57.98:10395, 80dafff8cc3cda071fdc4bba74f5e7ed492369970739a9d76871a76dff415e74@160.36.57.98:10658
80f38f7e8e23e0cbdb069a50f968e4b94e38ba30d439204a03acb6bfc02581d4@160.36.57.98:16197, 80381b64a297853ba4c07929f393cb153061f0c3f792c80b04b0db0d7ba1c494@160.36.57.98:10679, 803f8658a0bbb19e7d68941423a9a8348ccd297d8c20a58242bef048e735d8f5@160.36.57.98:10642, 802d7e3f1551a7800388418e858a32dbe33f9d0ec4b96a56d2f071bd1ebdcd09@160.36.57.98:10934, 80ae6fb5e86f1541c659332b92039c4a6234a0f18d96a9e8d13ee7a53e2be047@160.36.57.98:10622, 80b50c629a04bfd93c4525f38ec1c9ee1c9ec740afd24f3fee28d90ef5601096@160.36.57.98:10787, 801d47c5fa7fd3e0079ff154d82ee1afa0b5c67a2839703ad8f8e9560e40fa58@160.36.57.98:10768, 80a511c77192b51a57674ced7d03d0051be67ba703b2809f6bd54a10a27b5e95@160.36.57.98:10638, 806bf63795184febaf3d919d093c1409ef2154c27cfaae4ee439494e387f4a53@160.36.57.98:10941
805213620cf4f05ff98af4e94271d19c2ec5c938d990fedcc4fea657670b06be@160.36.57.98:16215, 8037443a61625bb5e40f0b01c6adb50e712ad8be920cc88a526ee9512a7e86a3@160.36.57.98:10348, 80585d392b718c1284bc6ac37c32bc2be8870f6f3f8ca500b08164be35bc8a22@160.36.57.98:10760, 8062e6cf1836dc0625ff2bffb3aa5399c9a58164055751d06a9ce94ea649f9e5@160.36.57.98:10280, 80434b71b028cbdaaff22a6b106674897f1bd01f4121a28840bb49ad02596c03@160.36.57.98:10191, 804dd4bd458d4b89c967266840875fd528474f15a125f1394e6e9a79216b1970@160.36.57.98:10549, 8020a88d29ac0f0761d22de00a3c81aaf72d77955a7fc8ba878828c611c7808f@160.36.57.98:10608, 8087a68f64804bb09d9718a4dadb11c8583be5d37b69cf554f0882a80c950fc7@160.36.57.98:10868, 80aec35555a957943394008680c2854c44703298068d300145570fac1fa4dbc1@160.36.57.98:10908
8034d888e1e506842c3b77de963abeddeb851ef2b76ed5208b2b976aa3080c1a@160.36.57.98:16201, 8037443a61625bb5e40f0b01c6adb50e712ad8be920cc88a526ee9512a7e86a3@160.36.57.98:10348, 80434b71b028cbdaaff22a6b106674897f1bd01f4121a28840bb49ad02596c03@160.36.57.98:10191, 80037ea14777427db7e9292b9f8794b9ff9c8636a4412d24298b4912674f8a69@160.36.57.98:10689, 80131e9c5c3856f715a1fca1b73a865066943683119b1f163399b8e96fd6bf81@160.36.57.98:10991, 801d47c5fa7fd3e0079ff154d82ee1afa0b5c67a2839703ad8f8e9560e40fa58@160.36.57.98:10768, 80d549c881844e151cddfb0733e2fe94f7870b0a9134558c8f4a736b7c5e183c@160.36.57.98:10839, 8041499927f3cec1d896e7a0ef5037e1319967a7e55370569cbadce378e698fa@160.36.57.98:10144, 80fbdefdfc06aee676fd3f71c4c541b3885cd2c035433443927f99018c3c1c48@160.36.57.98:10293
80c441321543877d961b15d56a3c00f4239bc75507a866b482ee813b5a1ad7e8@160.36.57.98:16185, 809ef52ec5ee1f3845826e6638ab640e20174424cdbd5ef6be4ba30c9185e87d@160.36.57.98:10561, 808a5151e859412aeabadf45d0690653b0368082ba62b5674cebac7ba00dc86d@160.36.57.98:10450, 804d7aa0f805fda8d743416c1bab3d218f97310698e22165947e16c81e1b67da@160.36.57.98:10840, 80131e9c5c3856f715a1fca1b73a865066943683119b1f163399b8e96fd6bf81@160.36.57.98:10991, 801d47c5fa7fd3e0079ff154d82ee1afa0b5c67a2839703ad8f8e9560e40fa58@160.36.57.98:10768, 802d2a3d3a418f5f388111e125cfa76f1b848d9018a14a2a6fe72f2bfa58e6d2@160.36.57.98:10987, 80386db40fc3189c70a2a19cda7487f18112ae8b0ad9a225356865e46f93c4ee@160.36.57.98:10919, 804bb12ff40c1aa68a76fe300626fae23b1066d5fea9a567de70500aba1e87b3@160.36.57.98:10327
80aff1af3a533b5d87a88d3844cc606946161693e7766026996ecbd7012faf8d@160.36.57.98:16143, 809ef52ec5ee1f3845826e6638ab640e20174424cdbd5ef6be4ba30c9185e87d@160.36.57.98:10561, 805689d94b57adb088a0f2c1f33a8bf149e5c5b294b6b3827a8b69f1c1ba4f6e@160.36.57.98:10365, 80f0409ad71b0698c1623ea2f5c106db42a2eeb9234a62fa932a1f77134b401a@160.36.57.98:10532, 80b50c629a04bfd93c4525f38ec1c9ee1c9ec740afd24f3fee28d90ef5601096@160.36.57.98:10787, 80d549c881844e151cddfb0733e2fe94f7870b0a9134558c8f4a736b7c5e183c@160.36.57.98:10839, 80ff331968c2995c75118ac13c5b865653f91c7fae9961de91920a9e0c6ef2ab@160.36.57.98:10687, 801156351724956708814349b7b845b8f82d3a17bb9ee2d6da31afb6e7c83daa@160.36.57.98:10105, 806516c4056831f1bcf0d52e1163082bf88ae8b9f483c018e325fa7f74e1e833@160.36.57.98:10836
808f347766859cc895db103cef26a5b18b8b014466b72ab0446accb4bee71e09@160.36.57.98:16153, 809ef52ec5ee1f3845826e6638ab640e20174424cdbd5ef6be4ba30c9185e87d@160.36.57.98:10561, 80585d392b718c1284bc6ac37c32bc2be8870f6f3f8ca500b08164be35bc8a22@160.36.57.98:10760, 805689d94b57adb088a0f2c1f33a8bf149e5c5b294b6b3827a8b69f1c1ba4f6e@160.36.57.98:10365, 80f238b5aac97390633f428454f15c37ab0ae1add9f218fb8e0822ee76d85b6e@160.36.57.98:10152, 8099022469e804291a8b59652cd7309281c1ebd531b531cf068bd3efb66075ad@160.36.57.98:10734, 803ceee8f520e497733eafce2608de42d26ab5a8c15f1f3c844691280a0e1fe7@160.36.57.98:10299, 807499ba4b44d3a83c2129b640c5bd974074dda759b5ea862147eb109e8ccddf@160.36.57.98:10746, 80fd0f8c73b08b39c1d875b3d0475b4dbbd5eeb75fe5f8502bda69196cf1838b@160.36.57.98:10379
800072214913494a6f74de2d2afef691d5467123bf7e527a489584fcf8a016e6@160.36.57.98:16141, 809ef52ec5ee1f3845826e6638ab640e20174424cdbd5ef6be4ba30c9185e87d@160.36.57.98:10561, 808a5151e859412aeabadf45d0690653b0368082ba62b5674cebac7ba00dc86d@160.36.57.98:10450, 80164b1aff1dfc000e6f003e4fc9c54e6fe95c6ba5db48d186362082f5f8a131@160.36.57.98:10464, 80143571498bc43d47f8996ab06b39837d7bb858902769c07cb687e7103c794e@160.36.57.98:10766, 80025647cf3b19ab05b41522ce7c79f3d11cc5a2e836ae1bf472803de3a8960b@160.36.57.98:10727, 8086eaa5af701a2476d2cb28f298752e162d803f757e632b46e3b2aae356952e@160.36.57.98:10609, 80dcf92af78b4480c866288afb53b57c8b6a5091c9ce3d224e79a4c44363dac4@160.36.57.98:10182, 800dbe1eec312639d6a55e2c832c45f382833852da80bbc1f94c1c889d7f9a97@160.36.57.98:10678
80feccac25e25b8262bb271fcad72e53957db1346d196964a8ae13dc6807a99a@160.36.57.98:16145, 80c8eee5059dbba6578580e3cd80c0c6ac7193bda22d5bb4626997969258a9f5@160.36.57.98:10901, 809ef52ec5ee1f3845826e6638ab640e20174424cdbd5ef6be4ba30c9185e87d@160.36.57.98:10561, 80830ec029ae003270b043335db6fbcd153bb373f71e333ee83e51a4166ebd79@160.36.57.98:10856, 804d7aa0f805fda8d743416c1bab3d218f97310698e22165947e16c81e1b67da@160.36.57.98:10840, 8089fb775104d365e369c75a6771dd64b702ed7bdf0117bb81c2f45a898c273f@160.36.57.98:10670, 801d47c5fa7fd3e0079ff154d82ee1afa0b5c67a2839703ad8f8e9560e40fa58@160.36.57.98:10768, 8083716bec29968df0cbaf3f91d05c41df511216d795e60b1a7345b00cc883e7@160.36.57.98:10791, 8050837bb4c1510db9d787c57bfe94d500b8539a4b17a2b93e173659f3442da9@160.36.57.98:10845
807fe5179fdb6b4e1696d9257b3ab77d75dadc5fe61de166d65f72ecc77a5cc9@160.36.57.98:16227, 80915049b3043c480410535441068580dd4de25500126c9bcdfea45964ead8c9@160.36.57.98:10113, 80f10f320ae1e5067da7a34bda450d9f8ae2cb7b4c73c376a48b67cd42db8799@160.36.57.98:10776, 80434b71b028cbdaaff22a6b106674897f1bd01f4121a28840bb49ad02596c03@160.36.57.98:10191, 804ceda1a3a50c60ec67885107b0b0f60e5f19f7da63b6d77754fc8757338180@160.36.57.98:10652, 80e8da7582adf16dd49945095aab83176b9e629a41958ce4cac001bfac08f025@160.36.57.98:10968, 80df9af3f9f656f03186d4643d2e9cca8e234a0fd4eccb053e0b14dc1397c874@160.36.57.98:10248, 80a3859364a42a9a24507adc1a6dbddfe831f48d01c0a0b8790fff64de2b0c6c@160.36.57.98:10981, 806bf63795184febaf3d919d093c1409ef2154c27cfaae4ee439494e387f4a53@160.36.57.98:10941
80f9d06231b100e58d2704fe8550d31e91f1810d13b0ee4fba4fbca15980be5a@160.36.57.98:16232, 80915049b3043c480410535441068580dd4de25500126c9bcdfea45964ead8c9@160.36.57.98:10113, 80037ea14777427db7e9292b9f8794b9ff9c8636a4412d24298b4912674f8a69@160.36.57.98:10689, 8089fb775104d365e369c75a6771dd64b702ed7bdf0117bb81c2f45a898c273f@160.36.57.98:10670, 804ceda1a3a50c60ec67885107b0b0f60e5f19f7da63b6d77754fc8757338180@160.36.57.98:10652, 80d71796b64a078483056b7430a3537adc3580e7822db0bc35190cb39a29bc32@160.36.57.98:10145, 809f3c667293d68405b6a54fc488d71f410ae03f523c96f67158ecd249f6821d@160.36.57.98:10382, 80f7cb9d188455dcb3a9ae370f6095fe3643fb874498cef66fa765f44f97bc0e@160.36.57.98:10830, 80f2fa725cf1a089a9b76a120f7453f35815b4d72cb15a1fd8ae177dfca38453@160.36.57.98:10087
804396c695eb4c1f2a5f605f4aa4b012e24bb5e83913d7ffe4866b2ba68e8e35@160.36.57.98:16155, 80915049b3043c480410535441068580dd4de25500126c9bcdfea45964ead8c9@160.36.57.98:10113, 805689d94b57adb088a0f2c1f33a8bf149e5c5b294b6b3827a8b69f1c1ba4f6e@160.36.57.98:10365, 80025647cf3b19ab05b41522ce7c79f3d11cc5a2e836ae1bf472803de3a8960b@160.36.57.98:10727, 80553d094b73077c80223f3800d0cbc724705d38f6db5d974c79cc59b052fb55@160.36.57.98:10047, 80122542f65252ea1170466c523e79fead2b58e3d4848b2c1545f8177b724f05@160.36.57.98:10444, 801d47c5fa7fd3e0079ff154d82ee1afa0b5c67a2839703ad8f8e9560e40fa58@160.36.57.98:10768, 80df9af3f9f656f03186d4643d2e9cca8e234a0fd4eccb053e0b14dc1397c874@160.36.57.98:10248, 809f3c667293d68405b6a54fc488d71f410ae03f523c96f67158ecd249f6821d@160.36.57.98:10382
80bb870acf329d6c98dff2eab004813d90cd714b3dc14d599ad476379b96b444@160.36.57.98:16138, 80915049b3043c480410535441068580dd4de25500126c9bcdfea45964ead8c9@160.36.57.98:10113, 805689d94b57adb088a0f2c1f33a8bf149e5c5b294b6b3827a8b69f1c1ba4f6e@160.36.57.98:10365, 80e33368675394d12cc7e003a634334ad51a0869dc4e222948c216c6ac68dd25@160.36.57.98:10568, 80d330c4011a1141a32aac68f5f1a7431b403e8fc4ab2e884bd5f33a9daa996d@160.36.57.98:10208, 8082a8dcb2780ba5de0d4ca5c074fa859148e4c9e35095efd0be08075eb817f1@160.36.57.98:10631, 806da7b09fa111b6bbb6517139f2bd81de7535029b748b082a4f5ab591a64135@160.36.57.98:10202, 806516c4056831f1bcf0d52e1163082bf88ae8b9f483c018e325fa7f74e1e833@160.36.57.98:10836, 80bff08fe6e090195f117cdad60fc1f35fdae11613a14358edd8500af7fb962e@160.36.57.98:10770
803fc2e41fe863f5259f84bafc5b1604ec33fc271b1f4f72eab76c73c8d7aba1@160.36.57.98:16234, 80915049b3043c480410535441068580dd4de25500126c9bcdfea45964ead8c9@160.36.57.98:10113, 80830ec029ae003270b043335db6fbcd153bb373f71e333ee83e51a4166ebd79@160.36.57.98:10856, 805689d94b57adb088a0f2c1f33a8bf149e5c5b294b6b3827a8b69f1c1ba4f6e@160.36.57.98:10365, 80b50c629a04bfd93c4525f38ec1c9ee1c9ec740afd24f3fee28d90ef5601096@160.36.57.98:10787, 80f15e26f0d9a15067dced80b1f51743b92800687deecc433f35993039131489@160.36.57.98:10081, 8041499927f3cec1d896e7a0ef5037e1319967a7e55370569cbadce378e698fa@160.36.57.98:10144, 809f3c667293d68405b6a54fc488d71f410ae03f523c96f67158ecd249f6821d@160.36.57.98:10382, 8050837bb4c1510db9d787c57bfe94d500b8539a4b17a2b93e173659f3442da9@160.36.57.98:10845
801640845ce963da3d4cfc8a0f46d11f7883c75686d4582572d75e5843846cdb@160.36.57.98:16171, 80915049b3043c480410535441068580dd4de25500126c9bcdfea45964ead8c9@160.36.57.98:10113, 808a5151e859412aeabadf45d0690653b0368082ba62b5674cebac7ba00dc86d@160.36.57.98:10450, 80e8d61844d6229d8dc57c5fe944f4374c8df6546be93798f301a1a33195e0d0@160.36.57.98:10319, 804dd4bd458d4b89c967266840875fd528474f15a125f1394e6e9a79216b1970@160.36.57.98:10549, 80b6357a6bff77e15a2d9612f18755c39dd0a7a4bbc872709108bed75ba7c1ea@160.36.57.98:10607, 802d2a3d3a418f5f388111e125cfa76f1b848d9018a14a2a6fe72f2bfa58e6d2@160.36.57.98:10987, 8036e90c7164757c49a0b56e89bcff4d48d9cc7080c4f46fa9a0fba74b6f22e3@160.36.57.98:10624, 80710c0418f37c6f5db1f1e9b2747d10e7f30f9c5e976ca6c39b4305f9c56acd@160.36.57.98:10395
80adb13c4175590607d40997cdb30dfa78057908aff618954efa97ca994c2875@160.36.57.98:16160, 80915049b3043c480410535441068580dd4de25500126c9bcdfea45964ead8c9@160.36.57.98:10113, 808564dec1680499afdde6eaf75971a4eb9ceb0c96eaba9110ad0bf7e5fc90dd@160.36.57.98:10922, 809707849e47697ce091468fb4b55fa998d8e25dc2dc51c0b116523b2d678d50@160.36.57.98:10143, 80f0409ad71b0698c1623ea2f5c106db42a2eeb9234a62fa932a1f77134b401a@160.36.57.98:10532, 803ceee8f520e497733eafce2608de42d26ab5a8c15f1f3c844691280a0e1fe7@160.36.57.98:10299, 80f523de33bd7817dccd9095198aa6470bb225e3ab0bea34af3c83afa9093133@160.36.57.98:10892, 8041499927f3cec1d896e7a0ef5037e1319967a7e55370569cbadce378e698fa@160.36.57.98:10144, 8083716bec29968df0cbaf3f91d05c41df511216d795e60b1a7345b00cc883e7@160.36.57.98:10791
80236197cbe43d9dbb8f5c619ac95e7b22baefd1de89388f59bf802335ef0600@160.36.57.98:16156, 80585d392b718c1284bc6ac37c32bc2be8870f6f3f8ca500b08164be35bc8a22@160.36.57.98:10760, 80cae7d1ac36392dbc9dc43457420df534cbfcdfec3dbaa224f85d701296158b@160.36.57.98:10917, 8020a88d29ac0f0761d22de00a3c81aaf72d77955a7fc8ba878828c611c7808f@160.36.57.98:10608, 8087a68f64804bb09d9718a4dadb11c8583be5d37b69cf554f0882a80c950fc7@160.36.57.98:10868, 80db0a804f3792e8154497887e790ce7b8da2e85a40f1500e1d7f890297ee539@160.36.57.98:10322, 8067cea40d246ae8742a92b343267c58c4417d5499ae85e6e8fe65a1e9141fde@160.36.57.98:10257, 80710c0418f37c6f5db1f1e9b2747d10e7f30f9c5e976ca6c39b4305f9c56acd@160.36.57.98:10395, 8063109f7a2dda16f456e12f0ddba9016e29ef13466e23977bbefd4c4a41e7c7@160.36.57.98:10920
80a8a143833694045b9c5a68b6e8bd1717c017da91cbd1cb5f2ec1c892c8781a@160.36.57.98:16189, 80585d392b718c1284bc6ac37c32bc2be8870f6f3f8ca500b08164be35bc8a22@160.36.57.98:10760, 803f8658a0bbb19e7d68941423a9a8348ccd297d8c20a58242bef048e735d8f5@160.36.57.98:10642, 808564dec1680499afdde6eaf75971a4eb9ceb0c96eaba9110ad0bf7e5fc90dd@160.36.57.98:10922, 80c941c103a5d9188212ba36bf0f4ae2684b09acf53f1be4a10fc31e2b6378f4@160.36.57.98:10807, 80f0409ad71b0698c1623ea2f5c106db42a2eeb9234a62fa932a1f77134b401a@160.36.57.98:10532, 804ceda1a3a50c60ec67885107b0b0f60e5f19f7da63b6d77754fc8757338180@160.36.57.98:10652, 802d2a3d3a418f5f388111e125cfa76f1b848d9018a14a2a6fe72f2bfa58e6d2@160.36.57.98:10987, 80f523de33bd7817dccd9095198aa6470bb225e3ab0bea34af3c83afa9093133@160.36.57.98:10892
801330605a50169580b996b61df7a957d172eab4d57709e50469d004745a6230@160.36.57.98:16158, 80585d392b718c1284bc6ac37c32bc2be8870f6f3f8ca500b08164be35bc8a22@160.36.57.98:10760, 808d2c2d8ead9e6fe58c425805ac4746b4cb2b26b47c4a4cbeda53af2874a8d7@160.36.57.98:10284, 80143571498bc43d47f8996ab06b39837d7bb858902769c07cb687e7103c794e@160.36.57.98:10766, 80553d094b73077c80223f3800d0cbc724705d38f6db5d974c79cc59b052fb55@160.36.57.98:10047, 806fc8e1df186a66fb2bb4f4d1f467c6a6ede6ee8e892018d20e9037bcf8fae3@160.36.57.98:10018, 809f3c667293d68405b6a54fc488d71f410ae03f523c96f67158ecd249f6821d@160.36.57.98:10382, 80710c0418f37c6f5db1f1e9b2747d10e7f30f9c5e976ca6c39b4305f9c56acd@160.36.57.98:10395, 8063109f7a2dda16f456e12f0ddba9016e29ef13466e23977bbefd4c4a41e7c7@160.36.57.98:10920
80f18ce612eb6a8d7bc9e82e131de6efbb2774bc8d4f9f0217eec9a3ae081d5e@160.36.57.98:16193, 80585d392b718c1284bc6ac37c32bc2be8870f6f3f8ca500b08164be35bc8a22@160.36.57.98:10760, 808a5151e859412aeabadf45d0690653b0368082ba62b5674cebac7ba00dc86d@160.36.57.98:10450, 80164b1aff1dfc000e6f003e4fc9c54e6fe95c6ba5db48d186362082f5f8a131@160.36.57.98:10464, 80830ec029ae003270b043335db6fbcd153bb373f71e333ee83e51a4166ebd79@160.36.57.98:10856, 80f10f320ae1e5067da7a34bda450d9f8ae2cb7b4c73c376a48b67cd42db8799@160.36.57.98:10776, 803ceee8f520e497733eafce2608de42d26ab5a8c15f1f3c844691280a0e1fe7@160.36.57.98:10299, 80bff08fe6e090195f117cdad60fc1f35fdae11613a14358edd8500af7fb962e@160.36.57.98:10770, 8050837bb4c1510db9d787c57bfe94d500b8539a4b17a2b93e173659f3442da9@160.36.57.98:10845
802e48b5b65b3de27cd575a03e4f0b13b252bbf419be00ae869afb7d33300e4c@160.36.57.98:16129, 80585d392b718c1284bc6ac37c32bc2be8870f6f3f8ca500b08164be35bc8a22@160.36.57.98:10760, 80c941c103a5d9188212ba36bf0f4ae2684b09acf53f1be4a10fc31e2b6378f4@160.36.57.98:10807, 80e33368675394d12cc7e003a634334ad51a0869dc4e222948c216c6ac68dd25@160.36.57.98:10568, 808d2c2d8ead9e6fe58c425805ac4746b4cb2b26b47c4a4cbeda53af2874a8d7@160.36.57.98:10284, 80d330c4011a1141a32aac68f5f1a7431b403e8fc4ab2e884bd5f33a9daa996d@160.36.57.98:10208, 80a0c256ff610e195337b9dd1d76979bd14c555b5cf8e4ca0f6b1c907324a249@160.36.57.98:10545, 8082a8dcb2780ba5de0d4ca5c074fa859148e4c9e35095efd0be08075eb817f1@160.36.57.98:10631, 80da9239d79c1d686638a38581ad81157cdfca912097f1aba22232e2421fceaa@160.36.57.98:10635
80911ffdbd4cede780243e1d8be55aca308f6e6ef5d905fb10f1818c3bf5c0e7@160.36.57.98:16187, 803f8658a0bbb19e7d68941423a9a8348ccd297d8c20a58242bef048e735d8f5@160.36.57.98:10642, 80434b71b028cbdaaff22a6b106674897f1bd01f4121a28840bb49ad02596c03@160.36.57.98:10191, 802d7e3f1551a7800388418e858a32dbe33f9d0ec4b96a56d2f071bd1ebdcd09@160.36.57.98:10934, 80025647cf3b19ab05b41522ce7c79f3d11cc5a2e836ae1bf472803de3a8960b@160.36.57.98:10727, 801d47c5fa7fd3e0079ff154d82ee1afa0b5c67a2839703ad8f8e9560e40fa58@160.36.57.98:10768, 8057e801fb1298579886013500230d109ef77431f7a9f1c13b3d569884163785@160.36.57.98:10367, 80f15e26f0d9a15067dced80b1f51743b92800687deecc433f35993039131489@160.36.57.98:10081, 807499ba4b44d3a83c2129b640c5bd974074dda759b5ea862147eb109e8ccddf@160.36.57.98:10746
809f3948affb31e54ee030bfa547b41be14dd1b892d995936a929cfdcc06aa99@160.36.57.98:16228, 808564dec1680499afdde6eaf75971a4eb9ceb0c96eaba9110ad0bf7e5fc90dd@160.36.57.98:10922, 80f238b5aac97390633f428454f15c37ab0ae1add9f218fb8e0822ee76d85b6e@160.36.57.98:10152, 8072fbe13973bcf5e506e9a8e5ce0908c514c6b15adc6935e3f47385c0f7886b@160.36.57.98:10226, 80592d76b21c2287f1a50fdad44f92459c5e5c58da4c0eaa2553705c90015eb9@160.36.57.98:10718, 8082a8dcb2780ba5de0d4ca5c074fa859148e4c9e35095efd0be08075eb817f1@160.36.57.98:10631, 803902201202acc75655d492eeb9edabfe30ed63f4518708c348d68b54b59760@160.36.57.98:10511, 805fd134e5406469f69d8528e5fcffeb8cc480e28b804ff6dd14870187133faa@160.36.57.98:10158, 80bff08fe6e090195f117cdad60fc1f35fdae11613a14358edd8500af7fb962e@160.36.57.98:10770
80a523120df47dac94c520265eee3940a47fd9431f70255c546261486dfb04d2@160.36.57.98:16123, 808564dec1680499afdde6eaf75971a4eb9ceb0c96eaba9110ad0bf7e5fc90dd@160.36.57.98:10922, 80380754636482fe205e27da75ca2112de2471ceb1d8c0a5c8ae59c08c5d6bb4@160.36.57.98:10387, 80f238b5aac97390633f428454f15c37ab0ae1add9f218fb8e0822ee76d85b6e@160.36.57.98:10152, 80b6357a6bff77e15a2d9612f18755c39dd0a7a4bbc872709108bed75ba7c1ea@160.36.57.98:10607, 80d549c881844e151cddfb0733e2fe94f7870b0a9134558c8f4a736b7c5e183c@160.36.57.98:10839, 80ff331968c2995c75118ac13c5b865653f91c7fae9961de91920a9e0c6ef2ab@160.36.57.98:10687, 801156351724956708814349b7b845b8f82d3a17bb9ee2d6da31afb6e7c83daa@160.36.57.98:10105, 8063109f7a2dda16f456e12f0ddba9016e29ef13466e23977bbefd4c4a41e7c7@160.36.57.98:10920
80798f986983819182de7b27b0031413e3019826bb938aa6cd340fd66224d004@160.36.57.98:16198, 808564dec1680499afdde6eaf75971a4eb9ceb0c96eaba9110ad0bf7e5fc90dd@160.36.57.98:10922, 802d7e3f1551a7800388418e858a32dbe33f9d0ec4b96a56d2f071bd1ebdcd09@160.36.57.98:10934, 80b50c629a04bfd93c4525f38ec1c9ee1c9ec740afd24f3fee28d90ef5601096@160.36.57.98:10787, 80592d76b21c2287f1a50fdad44f92459c5e5c58da4c0eaa2553705c90015eb9@160.36.57.98:10718, 808cd4d8664cfab20da884e4ce46191b0b02eec84771b8a486e163c3e805bc42@160.36.57.98:10260, 80a511c77192b51a57674ced7d03d0051be67ba703b2809f6bd54a10a27b5e95@160.36.57.98:10638, 805fd134e5406469f69d8528e5fcffeb8cc480e28b804ff6dd14870187133faa@160.36.57.98:10158, 8063109f7a2dda16f456e12f0ddba9016e29ef13466e23977bbefd4c4a41e7c7@160.36.57.98:10920
8012005a176d308166bf24c190000633d24fbc2bc7357a56b51270221751ac54@160.36.57.98:16224, 808564dec1680499afdde6eaf75971a4eb9ceb0c96eaba9110ad0bf7e5fc90dd@160.36.57.98:10922, 809707849e47697ce091468fb4b55fa998d8e25dc2dc51c0b116523b2d678d50@160.36.57.98:10143, 80164b1aff1dfc000e6f003e4fc9c54e6fe95c6ba5db48d186362082f5f8a131@160.36.57.98:10464, 80f238b5aac97390633f428454f15c37ab0ae1add9f218fb8e0822ee76d85b6e@160.36.57.98:10152, 808d2c2d8ead9e6fe58c425805ac4746b4cb2b26b47c4a4cbeda53af2874a8d7@160.36.57.98:10284, 802d2a3d3a418f5f388111e125cfa76f1b848d9018a14a2a6fe72f2bfa58e6d2@160.36.57.98:10987, 80fd0f8c73b08b39c1d875b3d0475b4dbbd5eeb75fe5f8502bda69196cf1838b@160.36.57.98:10379, 8050837bb4c1510db9d787c57bfe94d500b8539a4b17a2b93e173659f3442da9@160.36.57.98:10845
808d340ad4f0a514493727e9b32d8e148d60db51cfd5a04ce922b499a70c69f8@160.36.57.98:16191, 80528ac00704e98308cde5e67ceef7131d698f3d1a02d622105092da7c78a8ce@160.36.57.98:10467, 80164b1aff1dfc000e6f003e4fc9c54e6fe95c6ba5db48d186362082f5f8a131@160.36.57.98:10464, 80e8d61844d6229d8dc57c5fe944f4374c8df6546be93798f301a1a33195e0d0@160.36.57.98:10319, 808d2c2d8ead9e6fe58c425805ac4746b4cb2b26b47c4a4cbeda53af2874a8d7@160.36.57.98:10284, 80f0409ad71b0698c1623ea2f5c106db42a2eeb9234a62fa932a1f77134b401a@160.36.57.98:10532, 80f15e26f0d9a15067dced80b1f51743b92800687deecc433f35993039131489@160.36.57.98:10081, 802d2a3d3a418f5f388111e125cfa76f1b848d9018a14a2a6fe72f2bfa58e6d2@160.36.57.98:10987, 80a23ac5e41c1b8b68df512316224ce54a6e83bfd9d2d98172c78611ac8b2225@160.36.57.98:10756
80ec8cd6a6271f01dd2d72ba6cae79d9a2750b2da8bbd56d70d191731ae82854@160.36.57.98:16209, 808a5151e859412aeabadf45d0690653b0368082ba62b5674cebac7ba00dc86d@160.36.57.98:10450, 80c941c103a5d9188212ba36bf0f4ae2684b09acf53f1be4a10fc31e2b6378f4@160.36.57.98:10807, 80f238b5aac97390633f428454f15c37ab0ae1add9f218fb8e0822ee76d85b6e@160.36.57.98:10152, 80d330c4011a1141a32aac68f5f1a7431b403e8fc4ab2e884bd5f33a9daa996d@160.36.57.98:10208, 80d9622be7c6a20cc5d4a17f06dbf9fdac1fa0c0f2b9878926cf7dd9116e00d6@160.36.57.98:10837, 80db0a804f3792e8154497887e790ce7b8da2e85a40f1500e1d7f890297ee539@160.36.57.98:10322, 807499ba4b44d3a83c2129b640c5bd974074dda759b5ea862147eb109e8ccddf@160.36.57.98:10746, 804bb12ff40c1aa68a76fe300626fae23b1066d5fea9a567de70500aba1e87b3@160.36.57.98:10327
807bbecfc84ecb17d945f81910b9c6484d7eb89adf2c0ca909c10ddda5e45d74@160.36.57.98:16122, 808a5151e859412aeabadf45d0690653b0368082ba62b5674cebac7ba00dc86d@160.36.57.98:10450, 808cd4d8664cfab20da884e4ce46191b0b02eec84771b8a486e163c3e805bc42@160.36.57.98:10260, 80f15e26f0d9a15067dced80b1f51743b92800687deecc433f35993039131489@160.36.57.98:10081, 80fd0f8c73b08b39c1d875b3d0475b4dbbd5eeb75fe5f8502bda69196cf1838b@160.36.57.98:10379, 80a23ac5e41c1b8b68df512316224ce54a6e83bfd9d2d98172c78611ac8b2225@160.36.57.98:10756, 809f3c667293d68405b6a54fc488d71f410ae03f523c96f67158ecd249f6821d@160.36.57.98:10382, 80bff08fe6e090195f117cdad60fc1f35fdae11613a14358edd8500af7fb962e@160.36.57.98:10770, 80dafff8cc3cda071fdc4bba74f5e7ed492369970739a9d76871a76dff415e74@160.36.57.98:10658
80e2a29e378fbee79fe9725c6ddbf2a440a216ff934eb63260999b905d5e17d3@160.36.57.98:16157, 808a5151e859412aeabadf45d0690653b0368082ba62b5674cebac7ba00dc86d@160.36.57.98:10450, 806d6060747d8966dfc4c7587f161374c89978b2c6aecc96353f0d71f6dc4d2f@160.36.57.98:10232, 80380754636482fe205e27da75ca2112de2471ceb1d8c0a5c8ae59c08c5d6bb4@160.36.57.98:10387, 80f238b5aac97390633f428454f15c37ab0ae1add9f218fb8e0822ee76d85b6e@160.36.57.98:10152, 80d330c4011a1141a32aac68f5f1a7431b403e8fc4ab2e884bd5f33a9daa996d@160.36.57.98:10208, 80592d76b21c2287f1a50fdad44f92459c5e5c58da4c0eaa2553705c90015eb9@160.36.57.98:10718, 803ceee8f520e497733eafce2608de42d26ab5a8c15f1f3c844691280a0e1fe7@160.36.57.98:10299, 804899aabc95b683a63f3b8c98e4a23a197865b983080613c96110737488c9e9@160.36.57.98:10682
80bd35d6414a10b69fb6ac4a69cedc994ff52765f8b109bc9fb27ad78d081691@160.36.57.98:16226, 80c8eee5059dbba6578580e3cd80c0c6ac7193bda22d5bb4626997969258a9f5@160.36.57.98:10901, 808a5151e859412aeabadf45d0690653b0368082ba62b5674cebac7ba00dc86d@160.36.57.98:10450, 80c941c103a5d9188212ba36bf0f4ae2684b09acf53f1be4a10fc31e2b6378f4@160.36.57.98:10807, 80434b71b028cbdaaff22a6b106674897f1bd01f4121a28840bb49ad02596c03@160.36.57.98:10191, 80f523de33bd7817dccd9095198aa6470bb225e3ab0bea34af3c83afa9093133@160.36.57.98:10892, 80a7fdf592887fe2af91316ae81e811c85ac576a11c256659bbc5f152cb280c5@160.36.57.98:10493, 8044c55eb74bdcbc197dc53c529ba0854d275b8bb0fe7ab765877de395b03ba0@160.36.57.98:10887, 80da9239d79c1d686638a38581ad81157cdfca912097f1aba22232e2421fceaa@160.36.57.98:10635
809ef3e102250d105cb1cda8b1cc601322e3e808a8c8867072babd9e06d66a31@160.36.57.98:16182, 809707849e47697ce091468fb4b55fa998d8e25dc2dc51c0b116523b2d678d50@160.36.57.98:10143, 80d71796b64a078483056b7430a3537adc3580e7822db0bc35190cb39a29bc32@160.36.57.98:10145, 80122542f65252ea1170466c523e79fead2b58e3d4848b2c1545f8177b724f05@160.36.57.98:10444, 803ceee8f520e497733eafce2608de42d26ab5a8c15f1f3c844691280a0e1fe7@160.36.57.98:10299, 807cb8e21cecefcce2a584c0a85662aea83894d1c241c72f63510872e83e7eb6@160.36.57.98:10204, 8083716bec29968df0cbaf3f91d05c41df511216d795e60b1a7345b00cc883e7@160.36.57.98:10791, 80a23ac5e41c1b8b68df512316224ce54a6e83bfd9d2d98172c78611ac8b2225@160.36.57.98:10756, 8044c55eb74bdcbc197dc53c529ba0854d275b8bb0fe7ab765877de395b03ba0@160.36.57.98:10887
80aef7b47fa6c880c9292e6585e0d89e62db5dc040abb9a695ecbd5378b4ed18@160.36.57.98:16167, 809707849e47697ce091468fb4b55fa998d8e25dc2dc51c0b116523b2d678d50@160.36.57.98:10143, 80164b1aff1dfc000e6f003e4fc9c54e6fe95c6ba5db48d186362082f5f8a131@160.36.57.98:10464, 80037ea14777427db7e9292b9f8794b9ff9c8636a4412d24298b4912674f8a69@160.36.57.98:10689, 805689d94b57adb088a0f2c1f33a8bf149e5c5b294b6b3827a8b69f1c1ba4f6e@160.36.57.98:10365, 8086eaa5af701a2476d2cb28f298752e162d803f757e632b46e3b2aae356952e@160.36.57.98:10609, 8078cf68e854dcd129fef49e60a5268fd2372f5c7fbf7ce7853b7f39bfae5786@160.36.57.98:10574, 8083716bec29968df0cbaf3f91d05c41df511216d795e60b1a7345b00cc883e7@160.36.57.98:10791, 803902201202acc75655d492eeb9edabfe30ed63f4518708c348d68b54b59760@160.36.57.98:10511
80c279cad069468f667d9ca05d29d18c8ed07905e8fcd682b977e5efff92755c@160.36.57.98:16205, 809707849e47697ce091468fb4b55fa998d8e25dc2dc51c0b116523b2d678d50@160.36.57.98:10143, 80e8d61844d6229d8dc57c5fe944f4374c8df6546be93798f301a1a33195e0d0@160.36.57.98:10319, 80dc5e6eb8141d0ac9d1effdaee01017978224f2754f6696b7da3d02190aca7b@160.36.57.98:10708, 80df9af3f9f656f03186d4643d2e9cca8e234a0fd4eccb053e0b14dc1397c874@160.36.57.98:10248, 80a7fdf592887fe2af91316ae81e811c85ac576a11c256659bbc5f152cb280c5@160.36.57.98:10493, 80bff08fe6e090195f117cdad60fc1f35fdae11613a14358edd8500af7fb962e@160.36.57.98:10770, 8063109f7a2dda16f456e12f0ddba9016e29ef13466e23977bbefd4c4a41e7c7@160.36.57.98:10920, 80f2fa725cf1a089a9b76a120f7453f35815b4d72cb15a1fd8ae177dfca38453@160.36.57.98:10087
80d21993c4e773653c3a298525407ee69a43a7db51196966bd98600bd7ee396a@160.36.57.98:16166, 80e9a722268b0df757f610309aec89c9d2bc9f816e9b137864efedd91f1c764c@160.36.57.98:10586, 80c941c103a5d9188212ba36bf0f4ae2684b09acf53f1be4a10fc31e2b6378f4@160.36.57.98:10807, 80cae7d1ac36392dbc9dc43457420df534cbfcdfec3dbaa224f85d701296158b@160.36.57.98:10917, 805689d94b57adb088a0f2c1f33a8bf149e5c5b294b6b3827a8b69f1c1ba4f6e@160.36.57.98:10365, 80a66e1a797a1bce4e33e37f3d06a6d1e365bd1dd5ffd23c6cced450d5f932ae@160.36.57.98:10178, 80df9af3f9f656f03186d4643d2e9cca8e234a0fd4eccb053e0b14dc1397c874@160.36.57.98:10248, 805fd134e5406469f69d8528e5fcffeb8cc480e28b804ff6dd14870187133faa@160.36.57.98:10158, 80dafff8cc3cda071fdc4bba74f5e7ed492369970739a9d76871a76dff415e74@160.36.57.98:10658
806ca2ac84ae5d19fd959c0d6ec7dc1a0138947afe30aa0d5c2a22c31d09da7c@160.36.57.98:16169, 80e9a722268b0df757f610309aec89c9d2bc9f816e9b137864efedd91f1c764c@160.36.57.98:10586, 80e8d61844d6229d8dc57c5fe944f4374c8df6546be93798f301a1a33195e0d0@160.36.57.98:10319, 80025647cf3b19ab05b41522ce7c79f3d11cc5a2e836ae1bf472803de3a8960b@160.36.57.98:10727, 80e8da7582adf16dd49945095aab83176b9e629a41958ce4cac001bfac08f025@160.36.57.98:10968, 8082a8dcb2780ba5de0d4ca5c074fa859148e4c9e35095efd0be08075eb817f1@160.36.57.98:10631, 80d549c881844e151cddfb0733e2fe94f7870b0a9134558c8f4a736b7c5e183c@160.36.57.98:10839, 801156351724956708814349b7b845b8f82d3a17bb9ee2d6da31afb6e7c83daa@160.36.57.98:10105, 809f3c667293d68405b6a54fc488d71f410ae03f523c96f67158ecd249f6821d@160.36.57.98:10382
80e5100f2a500b2728155ef1ccaa553b4a0ce318c3ad7a25f2cc59b79149863a@160.36.57.98:16170, 80e9a722268b0df757f610309aec89c9d2bc9f816e9b137864efedd91f1c764c@160.36.57.98:10586, 80d524249b5cbd31bf9d79407b6d4c5087a0d8cdcffdc0e7b353d4ab357ea3e2@160.36.57.98:10215, 80f10f320ae1e5067da7a34bda450d9f8ae2cb7b4c73c376a48b67cd42db8799@160.36.57.98:10776, 803ceee8f520e497733eafce2608de42d26ab5a8c15f1f3c844691280a0e1fe7@160.36.57.98:10299, 804b6313079eb2c1aa1c4b823f98ba1794328f98e57e57d97b92ec4e554d1470@160.36.57.98:10014, 80647b0c07ced9a7d084889580546d198e6920e54d154c16deaeaa94a1bbfb2e@160.36.57.98:10530, 80bff08fe6e090195f117cdad60fc1f35fdae11613a14358edd8500af7fb962e@160.36.57.98:10770, 8044c55eb74bdcbc197dc53c529ba0854d275b8bb0fe7ab765877de395b03ba0@160.36.57.98:10887
808a91f1905aaa255214c23f0a74829533a8b3cf442c41cf4ab90c5f29efda45@160.36.57.98:16192, 80e9a722268b0df757f610309aec89c9d2bc9f816e9b137864efedd91f1c764c@160.36.57.98:10586, 806d6060747d8966dfc4c7587f161374c89978b2c6aecc96353f0d71f6dc4d2f@160.36.57.98:10232, 806fc8e1df186a66fb2bb4f4d1f467c6a6ede6ee8e892018d20e9037bcf8fae3@160.36.57.98:10018, 8082a8dcb2780ba5de0d4ca5c074fa859148e4c9e35095efd0be08075eb817f1@160.36.57.98:10631, 8086eaa5af701a2476d2cb28f298752e162d803f757e632b46e3b2aae356952e@160.36.57.98:10609, 802d2a3d3a418f5f388111e125cfa76f1b848d9018a14a2a6fe72f2bfa58e6d2@160.36.57.98:10987, 80fbdefdfc06aee676fd3f71c4c541b3885cd2c035433443927f99018c3c1c48@160.36.57.98:10293, 80f7cb9d188455dcb3a9ae370f6095fe3643fb874498cef66fa765f44f97bc0e@160.36.57.98:10830
808ae34d545d6a6909f043dad4f4ee4c5973c2c75576c1a35edb5890827c974c@160.36.57.98:16190, 80e9a722268b0df757f610309aec89c9d2bc9f816e9b137864efedd91f1c764c@160.36.57.98:10586, 804d7aa0f805fda8d743416c1bab3d218f97310698e22165947e16c81e1b67da@160.36.57.98:10840, 80131e9c5c3856f715a1fca1b73a865066943683119b1f163399b8e96fd6bf81@160.36.57.98:10991, 80122542f65252ea1170466c523e79fead2b58e3d4848b2c1545f8177b724f05@160.36.57.98:10444, 8078cf68e854dcd129fef49e60a5268fd2372f5c7fbf7ce7853b7f39bfae5786@160.36.57.98:10574, 80386db40fc3189c70a2a19cda7487f18112ae8b0ad9a225356865e46f93c4ee@160.36.57.98:10919, 80a23ac5e41c1b8b68df512316224ce54a6e83bfd9d2d98172c78611ac8b2225@160.36.57.98:10756, 80f7cb9d188455dcb3a9ae370f6095fe3643fb874498cef66fa765f44f97bc0e@160.36.57.98:10830
8090e89384c22aa4f531bb17bfab3975f66ae1a4faab7aa6c748decd59bd1379@160.36.57.98:16204, 80164b1aff1dfc000e6f003e4fc9c54e6fe95c6ba5db48d186362082f5f8a131@160.36.57.98:10464, 80e8da7582adf16dd49945095aab83176b9e629a41958ce4cac001bfac08f025@160.36.57.98:10968, 80131e9c5c3856f715a1fca1b73a865066943683119b1f163399b8e96fd6bf81@160.36.57.98:10991, 8099022469e804291a8b59652cd7309281c1ebd531b531cf068bd3efb66075ad@160.36.57.98:10734, 8041499927f3cec1d896e7a0ef5037e1319967a7e55370569cbadce378e698fa@160.36.57.98:10144, 8036e90c7164757c49a0b56e89bcff4d48d9cc7080c4f46fa9a0fba74b6f22e3@160.36.57.98:10624, 806516c4056831f1bcf0d52e1163082bf88ae8b9f483c018e325fa7f74e1e833@160.36.57.98:10836, 80fd0f8c73b08b39c1d875b3d0475b4dbbd5eeb75fe5f8502bda69196cf1838b@160.36.57.98:10379
801271f16b091a739d7585eb9cf27f5956aef76dd45b30bd643ce3ab0e234ceb@160.36.57.98:16174, 80d524249b5cbd31bf9d79407b6d4c5087a0d8cdcffdc0e7b353d4ab357ea3e2@160.36.57.98:10215, 805df85d02c7466d29a0f7eefd54d086b126f71a97583ef6f759bd7ca10c5d7a@160.36.57.98:10405, 80cae7d1ac36392dbc9dc43457420df534cbfcdfec3dbaa224f85d701296158b@160.36.57.98:10917, 80143571498bc43d47f8996ab06b39837d7bb858902769c07cb687e7103c794e@160.36.57.98:10766, 80e8da7582adf16dd49945095aab83176b9e629a41958ce4cac001bfac08f025@160.36.57.98:10968, 80122542f65252ea1170466c523e79fead2b58e3d4848b2c1545f8177b724f05@160.36.57.98:10444, 803ceee8f520e497733eafce2608de42d26ab5a8c15f1f3c844691280a0e1fe7@160.36.57.98:10299, 807499ba4b44d3a83c2129b640c5bd974074dda759b5ea862147eb109e8ccddf@160.36.57.98:10746
807df3e322e80eb3a702ff7649ecc756fa773cc0ba18d9f41b2aafa38c783897@160.36.57.98:16181, 80d524249b5cbd31bf9d79407b6d4c5087a0d8cdcffdc0e7b353d4ab357ea3e2@160.36.57.98:10215, 80592d76b21c2287f1a50fdad44f92459c5e5c58da4c0eaa2553705c90015eb9@160.36.57.98:10718, 801d47c5fa7fd3e0079ff154d82ee1afa0b5c67a2839703ad8f8e9560e40fa58@160.36.57.98:10768, 80aec35555a957943394008680c2854c44703298068d300145570fac1fa4dbc1@160.36.57.98:10908, 807cb8e21cecefcce2a584c0a85662aea83894d1c241c72f63510872e83e7eb6@160.36.57.98:10204, 804899aabc95b683a63f3b8c98e4a23a197865b983080613c96110737488c9e9@160.36.57.98:10682, 805fd134e5406469f69d8528e5fcffeb8cc480e28b804ff6dd14870187133faa@160.36.57.98:10158, 80e881bf27a3d29d779df9aa510b145a5f63475e630f8aa37a08e93d6803d07c@160.36.57.98:10479
8018f59d8c65b0608e96b06565879e2dc22ca52b716dc5ca5179887f1ba1c593@160.36.57.98:16221, 80d524249b5cbd31bf9d79407b6d4c5087a0d8cdcffdc0e7b353d4ab357ea3e2@160.36.57.98:10215, 8089fb775104d365e369c75a6771dd64b702ed7bdf0117bb81c2f45a898c273f@160.36.57.98:10670, 804b6313079eb2c1aa1c4b823f98ba1794328f98e57e57d97b92ec4e554d1470@160.36.57.98:10014, 8067cea40d246ae8742a92b343267c58c4417d5499ae85e6e8fe65a1e9141fde@160.36.57.98:10257, 803902201202acc75655d492eeb9edabfe30ed63f4518708c348d68b54b59760@160.36.57.98:10511, 807499ba4b44d3a83c2129b640c5bd974074dda759b5ea862147eb109e8ccddf@160.36.57.98:10746, 802ce4b89f434882165f14fbeac95264974f007651c4e0a8ab7d6f1f40854549@160.36.57.98:10060, 80fd0f8c73b08b39c1d875b3d0475b4dbbd5eeb75fe5f8502bda69196cf1838b@160.36.57.98:10379
8017528a7a70826ad2b8efa65956f95f7b8b06dc08b04cbdc5919edf20f2a757@160.36.57.98:16130, 8062e6cf1836dc0625ff2bffb3aa5399c9a58164055751d06a9ce94ea649f9e5@160.36.57.98:10280, 805689d94b57adb088a0f2c1f33a8bf149e5c5b294b6b3827a8b69f1c1ba4f6e@160.36.57.98:10365, 80f0409ad71b0698c1623ea2f5c106db42a2eeb9234a62fa932a1f77134b401a@160.36.57.98:10532, 804ceda1a3a50c60ec67885107b0b0f60e5f19f7da63b6d77754fc8757338180@160.36.57.98:10652, 80a0c256ff610e195337b9dd1d76979bd14c555b5cf8e4ca0f6b1c907324a249@160.36.57.98:10545, 80df9af3f9f656f03186d4643d2e9cca8e234a0fd4eccb053e0b14dc1397c874@160.36.57.98:10248, 8083716bec29968df0cbaf3f91d05c41df511216d795e60b1a7345b00cc883e7@160.36.57.98:10791, 806bf63795184febaf3d919d093c1409ef2154c27cfaae4ee439494e387f4a53@160.36.57.98:10941
800ff8e23cbd68e1e0d10c07cef92aa76fc5649daf756494fa981717dbb521fa@160.36.57.98:16128, 8062e6cf1836dc0625ff2bffb3aa5399c9a58164055751d06a9ce94ea649f9e5@160.36.57.98:10280, 80d330c4011a1141a32aac68f5f1a7431b403e8fc4ab2e884bd5f33a9daa996d@160.36.57.98:10208, 80553d094b73077c80223f3800d0cbc724705d38f6db5d974c79cc59b052fb55@160.36.57.98:10047, 80aec35555a957943394008680c2854c44703298068d300145570fac1fa4dbc1@160.36.57.98:10908, 8036e90c7164757c49a0b56e89bcff4d48d9cc7080c4f46fa9a0fba74b6f22e3@160.36.57.98:10624, 8083716bec29968df0cbaf3f91d05c41df511216d795e60b1a7345b00cc883e7@160.36.57.98:10791, 803902201202acc75655d492eeb9edabfe30ed63f4518708c348d68b54b59760@160.36.57.98:10511, 8044c55eb74bdcbc197dc53c529ba0854d275b8bb0fe7ab765877de395b03ba0@160.36.57.98:10887
807bf00038ebf8fd0c2eefbdce7efc89d5458fd275c6c5ee6b0d1477b070d4a4@160.36.57.98:16203, 8062e6cf1836dc0625ff2bffb3aa5399c9a58164055751d06a9ce94ea649f9e5@160.36.57.98:10280, 80f10f320ae1e5067da7a34bda450d9f8ae2cb7b4c73c376a48b67cd42db8799@160.36.57.98:10776, 802d7e3f1551a7800388418e858a32dbe33f9d0ec4b96a56d2f071bd1ebdcd09@160.36.57.98:10934, 8099022469e804291a8b59652cd7309281c1ebd531b531cf068bd3efb66075ad@160.36.57.98:10734, 8087a68f64804bb09d9718a4dadb11c8583be5d37b69cf554f0882a80c950fc7@160.36.57.98:10868, 8067cea40d246ae8742a92b343267c58c4417d5499ae85e6e8fe65a1e9141fde@160.36.57.98:10257, 807499ba4b44d3a83c2129b640c5bd974074dda759b5ea862147eb109e8ccddf@160.36.57.98:10746, 800115de4fb77ee53036c74dd0c1d61311fa0dae0bd67cdfe8de6f4e45887421@160.36.57.98:10567
80c3690761be10e24fc9b965ae6c42dbaa3f175b1e8a0b2b7f066b6463f5aedb@160.36.57.98:16178, 8062e6cf1836dc0625ff2bffb3aa5399c9a58164055751d06a9ce94ea649f9e5@160.36.57.98:10280, 80131e9c5c3856f715a1fca1b73a865066943683119b1f163399b8e96fd6bf81@160.36.57.98:10991, 80122542f65252ea1170466c523e79fead2b58e3d4848b2c1545f8177b724f05@160.36.57.98:10444, 8099022469e804291a8b59652cd7309281c1ebd531b531cf068bd3efb66075ad@160.36.57.98:10734, 80ff331968c2995c75118ac13c5b865653f91c7fae9961de91920a9e0c6ef2ab@160.36.57.98:10687, 807cb8e21cecefcce2a584c0a85662aea83894d1c241c72f63510872e83e7eb6@160.36.57.98:10204, 806516c4056831f1bcf0d52e1163082bf88ae8b9f483c018e325fa7f74e1e833@160.36.57.98:10836, 80dafff8cc3cda071fdc4bba74f5e7ed492369970739a9d76871a76dff415e74@160.36.57.98:10658
80455f937447fd3c2f553a177f3a66ff7c2606ff5ee282c5564c291543c2d377@160.36.57.98:16238, 80830ec029ae003270b043335db6fbcd153bb373f71e333ee83e51a4166ebd79@160.36.57.98:10856, 80434b71b028cbdaaff22a6b106674897f1bd01f4121a28840bb49ad02596c03@160.36.57.98:10191, 804dd4bd458d4b89c967266840875fd528474f15a125f1394e6e9a79216b1970@160.36.57.98:10549, 80e8da7582adf16dd49945095aab83176b9e629a41958ce4cac001bfac08f025@160.36.57.98:10968, 80db0a804f3792e8154497887e790ce7b8da2e85a40f1500e1d7f890297ee539@160.36.57.98:10322, 80fbdefdfc06aee676fd3f71c4c541b3885cd2c035433443927f99018c3c1c48@160.36.57.98:10293, 80a23ac5e41c1b8b68df512316224ce54a6e83bfd9d2d98172c78611ac8b2225@160.36.57.98:10756, 8044c55eb74bdcbc197dc53c529ba0854d275b8bb0fe7ab765877de395b03ba0@160.36.57.98:10887
808e1073819beba517166e80e0e0ac9b83ae94b316f0adf44dbe72ddf816a6f0@160.36.57.98:16172, 80830ec029ae003270b043335db6fbcd153bb373f71e333ee83e51a4166ebd79@160.36.57.98:10856, 804dd4bd458d4b89c967266840875fd528474f15a125f1394e6e9a79216b1970@160.36.57.98:10549, 80b6357a6bff77e15a2d9612f18755c39dd0a7a4bbc872709108bed75ba7c1ea@160.36.57.98:10607, 801d47c5fa7fd3e0079ff154d82ee1afa0b5c67a2839703ad8f8e9560e40fa58@160.36.57.98:10768, 80a511c77192b51a57674ced7d03d0051be67ba703b2809f6bd54a10a27b5e95@160.36.57.98:10638, 8086eaa5af701a2476d2cb28f298752e162d803f757e632b46e3b2aae356952e@160.36.57.98:10609, 803ceee8f520e497733eafce2608de42d26ab5a8c15f1f3c844691280a0e1fe7@160.36.57.98:10299, 807cb8e21cecefcce2a584c0a85662aea83894d1c241c72f63510872e83e7eb6@160.36.57.98:10204
809e7952906c7c5e36cb2310b0e3ae6790d9b90a1dbc6948dda1f7d7f5c63964@160.36.57.98:16133, 80f10f320ae1e5067da7a34bda450d9f8ae2cb7b4c73c376a48b67cd42db8799@160.36.57.98:10776, 80380754636482fe205e27da75ca2112de2471ceb1d8c0a5c8ae59c08c5d6bb4@160.36.57.98:10387, 80d330c4011a1141a32aac68f5f1a7431b403e8fc4ab2e884bd5f33a9daa996d@160.36.57.98:10208, 8099022469e804291a8b59652cd7309281c1ebd531b531cf068bd3efb66075ad@160.36.57.98:10734, 801156351724956708814349b7b845b8f82d3a17bb9ee2d6da31afb6e7c83daa@160.36.57.98:10105, 800115de4fb77ee53036c74dd0c1d61311fa0dae0bd67cdfe8de6f4e45887421@160.36.57.98:10567, 806516c4056831f1bcf0d52e1163082bf88ae8b9f483c018e325fa7f74e1e833@160.36.57.98:10836, 80a23ac5e41c1b8b68df512316224ce54a6e83bfd9d2d98172c78611ac8b2225@160.36.57.98:10756
801107e2fe590eb8c187ea1c6d70bd9a4b1b57c507dbe214fcb40356149bff9f@160.36.57.98:16206, 80f10f320ae1e5067da7a34bda450d9f8ae2cb7b4c73c376a48b67cd42db8799@160.36.57.98:10776, 804d7aa0f805fda8d743416c1bab3d218f97310698e22165947e16c81e1b67da@160.36.57.98:10840, 80ae6fb5e86f1541c659332b92039c4a6234a0f18d96a9e8d13ee7a53e2be047@160.36.57.98:10622, 808d2c2d8ead9e6fe58c425805ac4746b4cb2b26b47c4a4cbeda53af2874a8d7@160.36.57.98:10284, 80d71796b64a078483056b7430a3537adc3580e7822db0bc35190cb39a29bc32@160.36.57.98:10145, 8087a68f64804bb09d9718a4dadb11c8583be5d37b69cf554f0882a80c950fc7@160.36.57.98:10868, 8041499927f3cec1d896e7a0ef5037e1319967a7e55370569cbadce378e698fa@160.36.57.98:10144, 809f3c667293d68405b6a54fc488d71f410ae03f523c96f67158ecd249f6821d@160.36.57.98:10382
80436bdd9302fe2de4b1bef4ab6d0f0c8045448f1d90ec83526b66af14b165c9@160.36.57.98:16168, 80f10f320ae1e5067da7a34bda450d9f8ae2cb7b4c73c376a48b67cd42db8799@160.36.57.98:10776, 80f238b5aac97390633f428454f15c37ab0ae1add9f218fb8e0822ee76d85b6e@160.36.57.98:10152, 808d2c2d8ead9e6fe58c425805ac4746b4cb2b26b47c4a4cbeda53af2874a8d7@160.36.57.98:10284, 80d71796b64a078483056b7430a3537adc3580e7822db0bc35190cb39a29bc32@160.36.57.98:10145, 8082a8dcb2780ba5de0d4ca5c074fa859148e4c9e35095efd0be08075eb817f1@160.36.57.98:10631, 8086eaa5af701a2476d2cb28f298752e162d803f757e632b46e3b2aae356952e@160.36.57.98:10609, 800115de4fb77ee53036c74dd0c1d61311fa0dae0bd67cdfe8de6f4e45887421@160.36.57.98:10567, 80a23ac5e41c1b8b68df512316224ce54a6e83bfd9d2d98172c78611ac8b2225@160.36.57.98:10756
80c2854a0952085c13daf7f2d23c03e916ff59deff01b8f944a03ba05b0018c5@160.36.57.98:16147, 80e8d61844d6229d8dc57c5fe944f4374c8df6546be93798f301a1a33195e0d0@160.36.57.98:10319, 80a66e1a797a1bce4e33e37f3d06a6d1e365bd1dd5ffd23c6cced450d5f932ae@160.36.57.98:10178, 80a0c256ff610e195337b9dd1d76979bd14c555b5cf8e4ca0f6b1c907324a249@160.36.57.98:10545, 80122542f65252ea1170466c523e79fead2b58e3d4848b2c1545f8177b724f05@160.36.57.98:10444, 8082a8dcb2780ba5de0d4ca5c074fa859148e4c9e35095efd0be08075eb817f1@160.36.57.98:10631, 803902201202acc75655d492eeb9edabfe30ed63f4518708c348d68b54b59760@160.36.57.98:10511, 805fd134e5406469f69d8528e5fcffeb8cc480e28b804ff6dd14870187133faa@160.36.57.98:10158, 800dbe1eec312639d6a55e2c832c45f382833852da80bbc1f94c1c889d7f9a97@160.36.57.98:10678
8050a8f36349f1361905a93417c9d3a0fee88450223f2adaad2ff1a741e2d0ab@160.36.57.98:16218, 80e8d61844d6229d8dc57c5fe944f4374c8df6546be93798f301a1a33195e0d0@160.36.57.98:10319, 80a66e1a797a1bce4e33e37f3d06a6d1e365bd1dd5ffd23c6cced450d5f932ae@160.36.57.98:10178, 804ceda1a3a50c60ec67885107b0b0f60e5f19f7da63b6d77754fc8757338180@160.36.57.98:10652, 806fc8e1df186a66fb2bb4f4d1f467c6a6ede6ee8e892018d20e9037bcf8fae3@160.36.57.98:10018, 8086eaa5af701a2476d2cb28f298752e162d803f757e632b46e3b2aae356952e@160.36.57.98:10609, 8078cf68e854dcd129fef49e60a5268fd2372f5c7fbf7ce7853b7f39bfae5786@160.36.57.98:10574, 80d9622be7c6a20cc5d4a17f06dbf9fdac1fa0c0f2b9878926cf7dd9116e00d6@160.36.57.98:10837, 80386db40fc3189c70a2a19cda7487f18112ae8b0ad9a225356865e46f93c4ee@160.36.57.98:10919
8070a94ff36ca3a259a255db3fa06ae88532a5cd9dff003d19f0f54d358eeb3b@160.36.57.98:16131, 80037ea14777427db7e9292b9f8794b9ff9c8636a4412d24298b4912674f8a69@160.36.57.98:10689, 80a66e1a797a1bce4e33e37f3d06a6d1e365bd1dd5ffd23c6cced450d5f932ae@160.36.57.98:10178, 80380754636482fe205e27da75ca2112de2471ceb1d8c0a5c8ae59c08c5d6bb4@160.36.57.98:10387, 8057e801fb1298579886013500230d109ef77431f7a9f1c13b3d569884163785@160.36.57.98:10367, 8067cea40d246ae8742a92b343267c58c4417d5499ae85e6e8fe65a1e9141fde@160.36.57.98:10257, 805fd134e5406469f69d8528e5fcffeb8cc480e28b804ff6dd14870187133faa@160.36.57.98:10158, 809f3c667293d68405b6a54fc488d71f410ae03f523c96f67158ecd249f6821d@160.36.57.98:10382, 80da9239d79c1d686638a38581ad81157cdfca912097f1aba22232e2421fceaa@160.36.57.98:10635
80cf03947a73d77d51138553d6524ad02bde2fedf63540518ecd769e2c9eba25@160.36.57.98:16144, 80ae6fb5e86f1541c659332b92039c4a6234a0f18d96a9e8d13ee7a53e2be047@160.36.57.98:10622, 80f0409ad71b0698c1623ea2f5c106db42a2eeb9234a62fa932a1f77134b401a@160.36.57.98:10532, 806fc8e1df186a66fb2bb4f4d1f467c6a6ede6ee8e892018d20e9037bcf8fae3@160.36.57.98:10018, 8072fbe13973bcf5e506e9a8e5ce0908c514c6b15adc6935e3f47385c0f7886b@160.36.57.98:10226, 80122542f65252ea1170466c523e79fead2b58e3d4848b2c1545f8177b724f05@160.36.57.98:10444, 80a3859364a42a9a24507adc1a6dbddfe831f48d01c0a0b8790fff64de2b0c6c@160.36.57.98:10981, 801156351724956708814349b7b845b8f82d3a17bb9ee2d6da31afb6e7c83daa@160.36.57.98:10105, 80647b0c07ced9a7d084889580546d198e6920e54d154c16deaeaa94a1bbfb2e@160.36.57.98:10530
80979b770c88eaec93a58ef08c6889880f1288a8da105802124720a52e142b33@160.36.57.98:16180, 80ae6fb5e86f1541c659332b92039c4a6234a0f18d96a9e8d13ee7a53e2be047@160.36.57.98:10622, 80dc5e6eb8141d0ac9d1effdaee01017978224f2754f6696b7da3d02190aca7b@160.36.57.98:10708, 8086eaa5af701a2476d2cb28f298752e162d803f757e632b46e3b2aae356952e@160.36.57.98:10609, 80a3859364a42a9a24507adc1a6dbddfe831f48d01c0a0b8790fff64de2b0c6c@160.36.57.98:10981, 80d9622be7c6a20cc5d4a17f06dbf9fdac1fa0c0f2b9878926cf7dd9116e00d6@160.36.57.98:10837, 8036e90c7164757c49a0b56e89bcff4d48d9cc7080c4f46fa9a0fba74b6f22e3@160.36.57.98:10624, 80386db40fc3189c70a2a19cda7487f18112ae8b0ad9a225356865e46f93c4ee@160.36.57.98:10919, 80e881bf27a3d29d779df9aa510b145a5f63475e630f8aa37a08e93d6803d07c@160.36.57.98:10479
8074182789d9891c5ec9b94161e7f856a286425e0890fc7810eb8fc034952cfb@160.36.57.98:16208, 80915049b3043c480410535441068580dd4de25500126c9bcdfea45964ead8c9@160.36.57.98:10113, 80f238b5aac97390633f428454f15c37ab0ae1add9f218fb8e0822ee76d85b6e@160.36.57.98:10152, 80b6357a6bff77e15a2d9612f18755c39dd0a7a4bbc872709108bed75ba7c1ea@160.36.57.98:10607, 8082a8dcb2780ba5de0d4ca5c074fa859148e4c9e35095efd0be08075eb817f1@160.36.57.98:10631, 80a511c77192b51a57674ced7d03d0051be67ba703b2809f6bd54a10a27b5e95@160.36.57.98:10638, 803ceee8f520e497733eafce2608de42d26ab5a8c15f1f3c844691280a0e1fe7@160.36.57.98:10299, 80ff331968c2995c75118ac13c5b865653f91c7fae9961de91920a9e0c6ef2ab@160.36.57.98:10687, 804899aabc95b683a63f3b8c98e4a23a197865b983080613c96110737488c9e9@160.36.57.98:10682
80ea0ff56a2db881919e493237eae7313ece63c11ff54592a373ec619aa793f3@160.36.57.98:16186, 8062e6cf1836dc0625ff2bffb3aa5399c9a58164055751d06a9ce94ea649f9e5@160.36.57.98:10280, 80b6357a6bff77e15a2d9612f18755c39dd0a7a4bbc872709108bed75ba7c1ea@160.36.57.98:10607, 80f0409ad71b0698c1623ea2f5c106db42a2eeb9234a62fa932a1f77134b401a@160.36.57.98:10532, 80592d76b21c2287f1a50fdad44f92459c5e5c58da4c0eaa2553705c90015eb9@160.36.57.98:10718, 8099022469e804291a8b59652cd7309281c1ebd531b531cf068bd3efb66075ad@160.36.57.98:10734, 80ff331968c2995c75118ac13c5b865653f91c7fae9961de91920a9e0c6ef2ab@160.36.57.98:10687, 80647b0c07ced9a7d084889580546d198e6920e54d154c16deaeaa94a1bbfb2e@160.36.57.98:10530, 80da9239d79c1d686638a38581ad81157cdfca912097f1aba22232e2421fceaa@160.36.57.98:10635
807e22d5172231bf44ded7c595ebb246247c36ad6372271962dbbde351f23e08@160.36.57.98:16210, 80dc5e6eb8141d0ac9d1effdaee01017978224f2754f6696b7da3d02190aca7b@160.36.57.98:10708, 80d71796b64a078483056b7430a3537adc3580e7822db0bc35190cb39a29bc32@160.36.57.98:10145, 8072fbe13973bcf5e506e9a8e5ce0908c514c6b15adc6935e3f47385c0f7886b@160.36.57.98:10226, 8087a68f64804bb09d9718a4dadb11c8583be5d37b69cf554f0882a80c950fc7@160.36.57.98:10868, 8086eaa5af701a2476d2cb28f298752e162d803f757e632b46e3b2aae356952e@160.36.57.98:10609, 80db0a804f3792e8154497887e790ce7b8da2e85a40f1500e1d7f890297ee539@160.36.57.98:10322, 8050837bb4c1510db9d787c57bfe94d500b8539a4b17a2b93e173659f3442da9@160.36.57.98:10845, 80f2fa725cf1a089a9b76a120f7453f35815b4d72cb15a1fd8ae177dfca38453@160.36.57.98:10087
80c2e082ff582247d04dfc000b056a99e4366a1a0c1577192381a563e9aff504@160.36.57.98:16151, 80b381e14f89c85c5a45f8f464633f4eb733f153ecf12827ab398794e6f00d6a@160.36.57.98:10241, 80e8da7582adf16dd49945095aab83176b9e629a41958ce4cac001bfac08f025@160.36.57.98:10968, 80d9622be7c6a20cc5d4a17f06dbf9fdac1fa0c0f2b9878926cf7dd9116e00d6@160.36.57.98:10837, 807cb8e21cecefcce2a584c0a85662aea83894d1c241c72f63510872e83e7eb6@160.36.57.98:10204, 8067cea40d246ae8742a92b343267c58c4417d5499ae85e6e8fe65a1e9141fde@160.36.57.98:10257, 803902201202acc75655d492eeb9edabfe30ed63f4518708c348d68b54b59760@160.36.57.98:10511, 80647b0c07ced9a7d084889580546d198e6920e54d154c16deaeaa94a1bbfb2e@160.36.57.98:10530, 80da9239d79c1d686638a38581ad81157cdfca912097f1aba22232e2421fceaa@160.36.57.98:10635
8011c2784f02e5f82dd41518e886a59dfadc7fb19b65602437e11c167bc6f96f@160.36.57.98:16134, 804dd4bd458d4b89c967266840875fd528474f15a125f1394e6e9a79216b1970@160.36.57.98:10549, 80592d76b21c2287f1a50fdad44f92459c5e5c58da4c0eaa2553705c90015eb9@160.36.57.98:10718, 808cd4d8664cfab20da884e4ce46191b0b02eec84771b8a486e163c3e805bc42@160.36.57.98:10260, 8082a8dcb2780ba5de0d4ca5c074fa859148e4c9e35095efd0be08075eb817f1@160.36.57.98:10631, 80aec35555a957943394008680c2854c44703298068d300145570fac1fa4dbc1@160.36.57.98:10908, 805fd134e5406469f69d8528e5fcffeb8cc480e28b804ff6dd14870187133faa@160.36.57.98:10158, 802ce4b89f434882165f14fbeac95264974f007651c4e0a8ab7d6f1f40854549@160.36.57.98:10060, 8063109f7a2dda16f456e12f0ddba9016e29ef13466e23977bbefd4c4a41e7c7@160.36.57.98:10920
